Fecha,Año,Predicción_PM2.5,CO,NO,NO2,NOX,O3,PM10,SO2
2021-01-01,2021,11.678777132696869,0.4177820267686424,5.712962962962963,16.977272727272727,23.261574074074076,29.765494137353432,54.32727272727273,1.125912408759124
2021-01-02,2021,21.611067305837558,0.220863309352518,2.333333333333333,13.038095238095238,15.717261904761903,30.46103896103896,26.996296296296297,4.383458646616542
2021-01-03,2021,32.27737601669065,0.4103386454183267,11.95538057742782,24.086315789473684,36.86351706036746,46.73491773308958,82.6,4.701052631578947
2021-01-04,2021,16.40784687167742,0.1159166666666666,1.9730392156862744,8.061630218687872,10.345588235294118,30.2014652014652,41.887468030690535,0.9689320388349516
2021-01-05,2021,14.324683241669456,0.3259315589353612,9.482222222222225,18.05494505494505,28.07111111111111,34.675438596491226,47.42153846153846,1.056112224448898
2021-01-06,2021,15.368918315818512,0.3046753246753246,7.978622327790974,16.42323651452282,24.40855106888361,40.802656546489565,42.88366336633664,6.844943820224719
2021-01-07,2021,19.60183170552097,0.3935334872979215,9.37844611528822,20.0,29.09523809523809,15.919075144508671,18.522959183673468,1.0894495412844036
2021-01-08,2021,22.13241660761232,0.4215692821368948,8.075396825396826,19.54878048780488,27.38492063492064,28.1089552238806,25.07807807807808,1.8614357262103507
2021-01-09,2021,11.815215062311236,0.4889325842696629,9.986425339366516,24.477551020408164,34.05429864253394,19.992025518341308,19.537396121883656,1.1687612208258529
2021-01-10,2021,12.468046061264333,0.4953266331658291,16.946666666666665,24.18035426731079,41.41254752851711,17.826589595375722,21.5352798053528,1.1003649635036497
2021-01-11,2021,30.8460604839832,0.4034525939177102,12.901498929336189,24.42273534635879,37.61456102783726,26.388349514563107,40.24111675126903,4.342967244701349
2021-01-12,2021,15.836546291148174,0.4427287066246057,25.278625954198475,25.28405315614618,51.07442748091603,17.243491577335377,48.29016786570743,1.823834196891192
2021-01-13,2021,24.756204861069776,,,,,,,
2021-01-14,2021,20.601864579601997,,,,,,,
2021-01-15,2021,9.05409076789612,,,,,,,
2021-01-16,2021,19.532027703656883,,,,,,,
2021-01-17,2021,19.905044890499695,,,,,,,
2021-01-18,2021,18.940036585918293,,,,,,,
2021-01-19,2021,19.877921303998356,,,,,,,
2021-01-20,2021,18.99910151918793,,,,,,,
2021-01-21,2021,22.774699199788962,,,,,,,
2021-01-22,2021,21.961459991726198,,,,,,,
2021-01-23,2021,21.390254694052246,,,,,,,
2021-01-24,2021,9.021133382328776,,,,,,,
2021-01-25,2021,14.120931199281129,,,,,,,
2021-01-26,2021,36.7689318457751,,,,,,,
2021-01-27,2021,19.37213122097316,,,,,,,
2021-01-28,2021,35.47418157845938,,,,,,,
2021-01-29,2021,30.300812576413644,,,,,,,
2021-01-30,2021,20.416264725875443,,,,,,,
2021-01-31,2021,25.712399740790474,,,,,,,
2021-02-01,2021,19.124854875590245,0.5150869565217391,14.289893617021276,26.782608695652176,42.090425531914896,33.64796905222437,48.19648093841642,1.725
2021-02-02,2021,9.203319172796826,0.4360385438972163,16.64032697547684,26.42265795206972,43.20435967302452,19.229126213592235,44.94306049822064,7.925170068027211
2021-02-03,2021,22.435770607882688,0.3191348088531187,4.098143236074271,18.17970401691332,23.456233421750664,49.78899082568808,65.93577981651376,2.5617021276595744
2021-02-04,2021,24.753626623457002,0.143,1.8737113402061856,9.042462845010617,11.16237113402062,26.725806451612904,24.42663043478261,1.7874493927125503
2021-02-05,2021,16.498398988716325,0.2985380116959064,4.830985915492958,14.849019607843138,20.016431924882628,37.530956848030016,46.26627218934911,1.071574642126789
2021-02-06,2021,20.567159989231726,0.2988550983899821,3.83852140077821,17.64505119453925,21.470817120622566,30.464831804281346,23.905759162303664,2.080438756855576
2021-02-07,2021,25.80349373163147,0.4466793893129771,14.404255319148936,19.57933579335793,33.85531914893617,13.302521008403362,16.36082474226804,1.0562248995983936
2021-02-08,2021,14.961688082532241,0.3711428571428571,12.498997995991983,19.03333333333333,31.56513026052104,29.211332312404288,25.24137931034483,1.7592592592592593
2021-02-09,2021,11.151692357022235,0.4402120141342756,9.170731707317072,23.557407407407407,32.53861788617886,17.720364741641337,16.989159891598916,1.0863557858376511
2021-02-10,2021,12.787068752423368,0.5208180300500834,17.593090211132438,19.8262987012987,37.81957773512476,35.233333333333334,30.411899313501145,1.2431941923774954
2021-02-11,2021,17.30599127365913,0.3247186932849364,15.52235294117647,21.120921305182343,37.02588235294117,23.42070116861436,33.017721518987344,5.26875
2021-02-12,2021,12.229380278735903,0.4032398753894081,25.2118320610687,22.823825503355703,48.30152671755725,18.518796992481203,40.52522935779817,3.1153846153846154
2021-02-13,2021,14.551748178242349,,,,,,,
2021-02-14,2021,28.304539588242786,,,,,,,
2021-02-15,2021,13.90690939299186,,,,,,,
2021-02-16,2021,17.9020337738807,,,,,,,
2021-02-17,2021,20.832124765181398,,,,,,,
2021-02-18,2021,23.90947246884018,,,,,,,
2021-02-19,2021,26.453921111672763,,,,,,,
2021-02-20,2021,22.74216667713223,,,,,,,
2021-02-21,2021,25.149305372907484,,,,,,,
2021-02-22,2021,16.25769797940106,,,,,,,
2021-02-23,2021,13.001544662988653,,,,,,,
2021-02-24,2021,33.67417461324024,,,,,,,
2021-02-25,2021,18.642615457075046,,,,,,,
2021-02-26,2021,21.33425427774268,,,,,,,
2021-02-27,2021,20.97118839087453,,,,,,,
2021-02-28,2021,18.136988413073684,,,,,,,
2021-03-01,2021,28.015048578849186,0.4469052224371373,12.32857142857143,22.773255813953487,35.714285714285715,28.135823429541595,39.0919881305638,1.5489833641404809
2021-03-02,2021,19.722150030896458,0.525223880597015,30.46,29.484304932735427,60.65714285714286,21.55705996131528,46.60384615384616,4.71685393258427
2021-03-03,2021,26.494075735344083,0.3566901408450704,10.62300319488818,21.805626598465476,33.760383386581466,45.50427350427351,67.52439024390245,8.488250652741515
2021-03-04,2021,15.46530683598134,0.1968893129770992,5.170560747663552,13.643129770992369,19.24532710280374,29.866788321167885,30.797101449275363,6.418079096045198
2021-03-05,2021,9.627598384241908,0.2883680555555555,12.44375,16.01909722222222,29.0625,34.151666666666664,48.40361445783133,1.177536231884058
2021-03-06,2021,20.204930159476497,0.3226325411334552,4.454918032786885,20.22540250447227,24.7172131147541,31.13387096774193,23.37333333333333,1.166351606805293
2021-03-07,2021,17.304594409698836,0.4464859813084112,16.845010615711253,18.7219152854512,35.261146496815286,11.590759075907592,19.444162436548226,1.1122047244094488
2021-03-08,2021,20.37957148184916,0.3336769759450171,10.022633744855968,20.53584229390681,30.56378600823045,20.874425727411943,19.46394984326019,1.0670103092783505
2021-03-09,2021,21.254325730924034,0.4872631578947368,13.572008113590265,23.0177304964539,36.93711967545639,16.57396449704142,17.07126436781609,0.8910891089108911
2021-03-10,2021,11.897572873782726,0.2444107744107744,2.7049808429118776,12.558441558441558,15.386973180076629,29.1321044546851,15.796954314720812,1.4134790528233152
2021-03-11,2021,22.857471935426926,0.4833834586466165,25.87469287469288,28.123732251521297,55.06633906633907,23.105172413793102,38.9179104477612,8.521739130434783
2021-03-12,2021,31.819057623678876,0.5638397328881469,31.673151750972764,30.26923076923077,62.525291828793776,17.014195583596216,49.0,5.131118881118881
2021-03-13,2021,19.276136694755007,,,,,,,
2021-03-14,2021,23.155116337192766,,,,,,,
2021-03-15,2021,21.251958156506603,,,,,,,
2021-03-16,2021,22.776414563607158,,,,,,,
2021-03-17,2021,21.827680717826997,,,,,,,
2021-03-18,2021,25.362863395403494,,,,,,,
2021-03-19,2021,20.756599862811434,,,,,,,
2021-03-20,2021,15.40656613401004,,,,,,,
2021-03-21,2021,16.611077719184113,,,,,,,
2021-03-22,2021,18.2647989037202,,,,,,,
2021-03-23,2021,17.482010637074954,,,,,,,
2021-03-24,2021,23.060362338165422,,,,,,,
2021-03-25,2021,22.353023795376004,,,,,,,
2021-03-26,2021,26.16510333252739,,,,,,,
2021-03-27,2021,28.704804206721455,,,,,,,
2021-03-28,2021,17.61599427242884,,,,,,,
2021-03-29,2021,11.61932348246032,,,,,,,
2021-03-30,2021,18.593483738862997,,,,,,,
2021-03-31,2021,16.923968842916715,,,,,,,
2021-04-01,2021,10.422125600498765,0.5803976143141153,22.323040380047505,31.30648330058939,54.418052256532064,28.824531516183985,52.48623853211009,3.410018552875696
2021-04-02,2021,28.13931996924907,0.6509619686800895,32.73111782477341,33.840749414519905,67.82175226586102,30.59311740890688,57.92779783393502,3.3483412322274884
2021-04-03,2021,24.865815161827392,0.361578947368421,11.108635097493035,25.57802197802198,38.200557103064064,40.82758620689656,68.421768707483,2.3348115299334813
2021-04-04,2021,20.229696654639564,0.2611216730038023,5.747099767981439,16.340304182509506,22.77494199535963,35.34,34.997093023255815,7.077946768060836
2021-04-05,2021,30.927203061221334,0.2943174061433447,11.31198347107438,17.379310344827587,29.644628099173552,42.85950413223141,50.35672514619883,1.3662477558348294
2021-04-06,2021,19.52536161335362,0.5439145299145299,11.227626459143968,27.061433447098977,38.038910505836576,20.96904024767802,24.26771653543307,1.25
2021-04-07,2021,19.784883061302466,0.5420588235294118,14.186440677966102,20.341911764705884,34.08898305084746,25.882736156351797,25.75,1.515384615384615
2021-04-08,2021,19.11037557156574,0.3229776247848537,9.599585062240664,19.112115732368892,28.863070539419088,24.45468509984639,25.34670487106017,1.0924956369982548
2021-04-09,2021,21.216811512823323,0.3183774250440917,7.442764578833693,17.687265917602996,25.557235421166308,28.260802469135804,22.94117647058824,0.9537671232876712
2021-04-10,2021,12.648978972568575,0.2191127541589649,6.477366255144033,13.021238938053097,19.54732510288066,19.983633387888705,17.117962466487935,0.9980392156862744
2021-04-11,2021,24.413913616778924,0.3955711422845691,19.967914438502675,26.941048034934497,47.07446808510638,24.16725978647687,45.42892156862745,11.50759219088937
2021-04-12,2021,19.218949894542664,0.48625250501002,26.15592515592516,25.533203125,52.313929313929314,22.211786372007367,45.5752427184466,4.874251497005988
2021-04-13,2021,19.77887789830827,,,,,,,
2021-04-14,2021,11.232631932588562,,,,,,,
2021-04-15,2021,23.854348820574064,,,,,,,
2021-04-16,2021,22.292741352652083,,,,,,,
2021-04-17,2021,23.27675303998985,,,,,,,
2021-04-18,2021,20.497093040117665,,,,,,,
2021-04-19,2021,20.429698692046536,,,,,,,
2021-04-20,2021,33.8062645847432,,,,,,,
2021-04-21,2021,10.50678749611674,,,,,,,
2021-04-22,2021,26.555376310005173,,,,,,,
2021-04-23,2021,16.553698125023164,,,,,,,
2021-04-24,2021,22.784850494264393,,,,,,,
2021-04-25,2021,13.53059503384924,,,,,,,
2021-04-26,2021,22.09221234651493,,,,,,,
2021-04-27,2021,15.051523262522892,,,,,,,
2021-04-28,2021,13.325264973993814,,,,,,,
2021-04-29,2021,25.817913440293875,,,,,,,
2021-04-30,2021,10.405070000967164,,,,,,,
2021-05-01,2021,24.756491188053424,0.5331047619047619,19.38609112709832,29.376218323586745,49.99520383693046,28.94137353433836,55.91666666666666,5.251366120218579
2021-05-02,2021,20.900990772894097,0.6334633027522936,23.906432748538013,32.58254716981132,57.73099415204678,40.03601694915254,61.71641791044776,3.1125
2021-05-03,2021,13.522072335434293,0.436980306345733,18.50887573964497,27.4364896073903,47.54437869822485,33.96831683168317,64.22388059701493,3.1293302540415704
2021-05-04,2021,24.32755523541185,0.3630769230769231,12.685314685314683,22.68451242829828,36.17948717948718,28.96323529411765,47.97941176470588,7.283524904214559
2021-05-05,2021,12.377931168845285,0.2836789297658862,3.234126984126984,17.653333333333332,21.515873015873016,42.017656500802566,48.46131805157593,1.5495652173913044
2021-05-06,2021,17.287223116150468,0.4968166666666667,12.335227272727272,23.215,35.50757575757576,30.115151515151517,29.8372641509434,2.485
2021-05-07,2021,12.352916017355387,0.498037037037037,15.474358974358974,22.69814814814815,38.38247863247863,30.936274509803923,28.65374677002584,2.197696737044146
2021-05-08,2021,26.607806148510477,0.2667641996557659,7.685370741482965,16.345454545454544,23.769539078156317,28.65512048192771,22.180281690140845,1.1364452423698383
2021-05-09,2021,15.13891695683544,0.2867362428842505,5.360730593607306,14.161676646706589,19.78767123287671,25.120338983050846,24.237136465324383,3.255514705882353
2021-05-10,2021,13.61564029582816,0.2407372400756143,6.652267818574514,13.89463955637708,20.598272138228943,17.10927152317881,15.26851851851852,0.9940828402366864
2021-05-11,2021,21.871832909034623,0.3700176991150442,14.52112676056338,25.013409961685824,40.26995305164319,23.303459119496857,41.37595907928389,3.597678916827853
2021-05-12,2021,13.663960630396952,0.5494059405940594,19.460550458715595,24.67656765676568,45.22018348623853,29.087155963302752,45.391799544419136,2.6672131147540985
2021-05-13,2021,21.07292461316446,,,,,,,
2021-05-14,2021,12.593198527003711,,,,,,,
2021-05-15,2021,21.972312441178484,,,,,,,
2021-05-16,2021,27.974466705906007,,,,,,,
2021-05-17,2021,44.25620612634634,,,,,,,
2021-05-18,2021,23.025890627015052,,,,,,,
2021-05-19,2021,25.260918406918226,,,,,,,
2021-05-20,2021,10.166236803800839,,,,,,,
2021-05-21,2021,30.88179803369032,,,,,,,
2021-05-22,2021,21.05558987318129,,,,,,,
2021-05-23,2021,13.054788236790325,,,,,,,
2021-05-24,2021,25.875884942592087,,,,,,,
2021-05-25,2021,19.79881182725638,,,,,,,
2021-05-26,2021,15.829723907102597,,,,,,,
2021-05-27,2021,21.88493759272662,,,,,,,
2021-05-28,2021,14.975581622302451,,,,,,,
2021-05-29,2021,22.009127811347575,,,,,,,
2021-05-30,2021,16.62173656963495,,,,,,,
2021-05-31,2021,16.295617479498038,,,,,,,
2021-06-01,2021,17.724004895402015,0.5796768060836502,25.863425925925927,26.68880455407969,53.708333333333336,23.429048414023374,48.06388888888889,2.9056261343012704
2021-06-02,2021,27.02127932312098,0.4340821256038647,9.804416403785488,23.188144329896907,33.791798107255524,36.7054794520548,49.643884892086334,2.0628415300546448
2021-06-03,2021,17.186645851144316,0.2842436974789916,3.0,18.21300448430493,22.12857142857143,37.52290076335878,58.98550724637681,5.699115044247788
2021-06-04,2021,12.90441930392027,0.3151637764932563,8.963963963963964,20.401129943502823,29.765765765765767,32.6067615658363,44.95415472779369,5.160680529300567
2021-06-05,2021,16.567957422523076,0.230191637630662,5.253578732106339,15.302608695652172,20.826175869120654,33.89193548387097,28.706270627062707,0.7956600361663653
2021-06-06,2021,14.798556136835924,0.3719491525423729,4.9324324324324325,18.8135593220339,23.944015444015445,39.46296296296296,25.83412322274881,1.993220338983051
2021-06-07,2021,11.478089136408506,0.5646470588235294,14.926406926406926,27.90074906367041,42.54545454545455,30.692561983471077,33.98011363636363,2.7590822179732317
2021-06-08,2021,11.6788636255756,0.3109090909090909,6.938636363636364,18.133064516129032,24.90909090909091,26.24137931034483,26.3954802259887,1.1068548387096775
2021-06-09,2021,31.60442273853768,0.3506153846153846,6.707414829659319,19.481611208406303,26.609218436873743,25.83808095952024,16.565022421524663,1.2301324503311255
2021-06-10,2021,12.735812102233995,0.3210894308943089,6.4568807339449545,18.669796557120502,24.95596330275229,17.738396624472575,20.2392776523702,0.9294320137693632
2021-06-11,2021,18.6638424741679,0.3219141323792486,17.373949579831933,22.76923076923077,40.39495798319328,24.49465648854962,36.05176470588236,5.35754189944134
2021-06-12,2021,15.60898295415362,0.6748064516129032,23.115808823529413,33.84415584415584,58.33455882352941,32.278443113772454,56.65714285714286,2.056726094003241
2021-06-13,2021,14.60941697194527,,,,,,,
2021-06-14,2021,24.33389278283407,,,,,,,
2021-06-15,2021,23.050376522831407,,,,,,,
2021-06-16,2021,16.583670797173134,,,,,,,
2021-06-17,2021,13.75776407264672,,,,,,,
2021-06-18,2021,25.165407192821768,,,,,,,
2021-06-19,2021,21.2512608315124,,,,,,,
2021-06-20,2021,31.01732995675151,,,,,,,
2021-06-21,2021,10.667152113459004,,,,,,,
2021-06-22,2021,23.368273294034644,,,,,,,
2021-06-23,2021,32.882324220231894,,,,,,,
2021-06-24,2021,19.451256580222356,,,,,,,
2021-06-25,2021,22.057623442967515,,,,,,,
2021-06-26,2021,21.136211499306146,,,,,,,
2021-06-27,2021,21.48801015822999,,,,,,,
2021-06-28,2021,20.65210556109753,,,,,,,
2021-06-29,2021,19.49566346694294,,,,,,,
2021-06-30,2021,18.370432364321424,,,,,,,
2021-07-01,2021,25.271952923625825,0.3888867562380038,10.807058823529411,26.12667946257198,37.80235294117647,24.805084745762716,47.611267605633806,6.257407407407407
2021-07-02,2021,25.157849704822812,0.3567021276595745,4.3938356164383565,17.99718309859155,23.195205479452056,40.395465994962215,50.303886925795055,3.089820359281437
2021-07-03,2021,21.40135317017972,0.3587982832618026,7.51830985915493,20.71492204899777,29.374647887323945,28.075875486381324,54.2463768115942,8.98868778280543
2021-07-04,2021,19.952135764532915,0.3714624505928853,15.33257403189066,21.389432485322896,37.90432801822323,38.05233644859813,36.64893617021277,2.205940594059406
2021-07-05,2021,17.119472078472025,0.1817429577464789,4.459119496855346,13.076788830715532,17.939203354297693,35.80927835051546,30.02994011976048,0.8832997987927566
2021-07-06,2021,14.6970588669758,0.3436627906976744,11.657596371882086,21.73611111111111,33.71655328798186,37.89502762430939,31.649289099526065,1.936046511627907
2021-07-07,2021,13.500417186941114,0.5813716814159292,15.397619047619049,26.444444444444443,42.016666666666666,33.80430879712747,40.80160857908847,3.5474137931034484
2021-07-08,2021,19.6752953814614,0.2929716193656093,5.658051689860835,16.925217391304347,22.095427435387677,30.60757575757576,29.072222222222223,2.42608695652174
2021-07-09,2021,12.867217096088293,0.3991287128712871,10.628175519630483,22.34959349593496,33.429561200923786,21.061872909699,15.370149253731345,0.92578125
2021-07-10,2021,11.649221996161911,0.342807881773399,7.322160148975791,18.50552922590837,25.91620111731844,28.52353780313837,28.87606837606837,3.1225577264653643
2021-07-11,2021,18.293513876056885,0.259,8.016666666666667,17.816363636363636,26.166666666666668,29.38080495356037,29.30424528301887,5.612167300380228
2021-07-12,2021,28.91869549424255,0.5503305785123966,21.067924528301887,32.07692307692308,54.14528301886792,27.93005952380953,50.83802816901409,1.8892561983471077
2021-07-13,2021,9.328985962165659,,,,,,,
2021-07-14,2021,20.69045991293871,,,,,,,
2021-07-15,2021,30.546197242298362,,,,,,,
2021-07-16,2021,24.379614886387998,,,,,,,
2021-07-17,2021,26.020791404291252,,,,,,,
2021-07-18,2021,22.328212329186414,,,,,,,
2021-07-19,2021,13.745905914231601,,,,,,,
2021-07-20,2021,11.516922489288593,,,,,,,
2021-07-21,2021,20.110525379194925,,,,,,,
2021-07-22,2021,17.552948340696645,,,,,,,
2021-07-23,2021,18.877507888554174,,,,,,,
2021-07-24,2021,12.04915227932755,,,,,,,
2021-07-25,2021,34.906144037013604,,,,,,,
2021-07-26,2021,36.97640211109262,,,,,,,
2021-07-27,2021,24.134750174722612,,,,,,,
2021-07-28,2021,16.21614593458553,,,,,,,
2021-07-29,2021,13.629015337132843,,,,,,,
2021-07-30,2021,23.793757209266147,,,,,,,
2021-07-31,2021,34.33465507543901,,,,,,,
2021-08-01,2021,21.93393143113863,0.512312925170068,20.27248677248677,24.980392156862745,46.44179894179894,29.739463601532567,46.67806267806268,3.694386694386695
2021-08-02,2021,11.623336172680153,0.402877030162413,14.838805970149254,21.732186732186733,37.286567164179104,30.09450549450549,39.01056338028169,1.4177545691906006
2021-08-03,2021,24.960857205883308,0.3345202558635394,7.571428571428571,22.807522123893804,30.871148459383758,24.976744186046517,58.99303135888502,15.804494382022472
2021-08-04,2021,21.81373924228437,0.3793973214285714,12.04177545691906,21.239910313901344,34.005221932114885,48.38379530916844,51.31967213114754,1.913140311804009
2021-08-05,2021,12.245116768812366,0.2919962686567164,8.081720430107527,17.422138836772984,25.767741935483876,43.444636678200695,35.82596685082873,4.787937743190661
2021-08-06,2021,22.033940864045512,0.408972602739726,12.035087719298245,25.857876712328768,37.48927875243665,42.01442307692308,36.08536585365854,1.4545454545454546
2021-08-07,2021,21.13351910236992,0.39591796875,5.785714285714286,20.693404634581107,26.493877551020407,25.022364217252395,24.52278820375335,1.71875
2021-08-08,2021,20.976112719345032,0.3336,4.869047619047619,17.072916666666668,21.48809523809524,23.346625766871167,20.71633237822349,1.6597222222222223
2021-08-09,2021,17.659612147026806,0.3874861367837338,12.050343249427918,19.69076305220884,32.162471395881006,29.850863422291997,19.53908355795148,1.0397727272727273
2021-08-10,2021,19.063049803902334,0.3640630182421227,11.772128060263654,19.58213716108453,31.768361581920903,25.59025787965616,30.03879310344828,5.416812609457093
2021-08-11,2021,18.79711233005462,0.3535955056179775,15.647186147186147,22.777153558052436,38.88961038961039,27.971337579617835,39.06896551724138,5.3713163064833
2021-08-12,2021,11.806619352297664,0.7191720779220779,28.933823529411764,37.6546875,67.76654411764706,34.04796511627907,62.0972850678733,2.678048780487805
2021-08-13,2021,11.278875294504163,,,,,,,
2021-08-14,2021,25.87161431722046,,,,,,,
2021-08-15,2021,22.099873494658013,,,,,,,
2021-08-16,2021,12.730551517287598,,,,,,,
2021-08-17,2021,21.562479834534724,,,,,,,
2021-08-18,2021,18.60611985629163,,,,,,,
2021-08-19,2021,13.454511066377956,,,,,,,
2021-08-20,2021,14.054375393081664,,,,,,,
2021-08-21,2021,9.262445308684283,,,,,,,
2021-08-22,2021,13.078552069688989,,,,,,,
2021-08-23,2021,13.662085961536475,,,,,,,
2021-08-24,2021,25.29731955297991,,,,,,,
2021-08-25,2021,22.476783351959966,,,,,,,
2021-08-26,2021,26.499490597364613,,,,,,,
2021-08-27,2021,27.1915794841906,,,,,,,
2021-08-28,2021,27.153617766061103,,,,,,,
2021-08-29,2021,19.985455071903814,,,,,,,
2021-08-30,2021,16.509024459175063,,,,,,,
2021-08-31,2021,14.130150204596736,,,,,,,
2021-09-01,2021,20.09336644931498,0.4278886756238004,15.127314814814817,21.430740037950663,37.24305555555556,21.38382099827883,36.51675977653631,1.546279491833031
2021-09-02,2021,24.676769468440583,0.4405263157894737,14.669444444444444,23.48491879350348,39.047222222222224,32.47390396659708,49.88461538461539,2.3112745098039214
2021-09-03,2021,24.545982029750903,0.3493078758949881,11.088888888888889,21.32080200501253,33.11746031746032,29.32900432900433,53.80935251798561,6.07286432160804
2021-09-04,2021,33.84526308070327,0.3871574642126789,10.726190476190476,23.115853658536587,34.804761904761904,45.22222222222222,48.97802197802198,1.7020408163265306
2021-09-05,2021,11.890338694893623,0.3133922829581994,3.670476190476191,16.92270531400966,21.10857142857143,42.41492537313433,35.68125,1.6149825783972125
2021-09-06,2021,12.09528267245497,0.4039363484087102,7.122040072859745,22.161030595813205,28.92349726775956,33.00777604976672,40.12626262626262,3.1588628762541804
2021-09-07,2021,19.58040248843862,0.3117214700193423,9.327902240325866,15.437722419928823,25.016293279022403,21.580847723704867,18.814814814814813,1.4758220502901354
2021-09-08,2021,25.21449813125709,0.4551351351351351,14.56686626746507,21.01570680628272,35.14570858283433,24.9765625,25.997041420118343,1.0445632798573976
2021-09-09,2021,28.943393065958034,0.2464079422382671,6.403470715835141,15.054716981132076,21.6941431670282,28.351681957186543,21.29326923076923,0.8256227758007118
2021-09-10,2021,14.15705572612814,0.3247579298831385,6.062618595825427,16.52327447833066,22.84819734345351,30.142446043165467,33.152688172043014,5.255652173913044
2021-09-11,2021,16.561442998058702,0.3675697211155379,14.55829596412556,26.548707753479125,41.33183856502242,27.96989966555184,50.45544554455446,8.253763440860215
2021-09-12,2021,17.284189207987826,0.8006151142355009,26.312625250501004,43.454072790294624,69.92585170340682,37.31502423263328,74.45933014354067,2.797127468581688
2021-09-13,2021,10.913375825478024,,,,,,,
2021-09-14,2021,12.90644094326765,,,,,,,
2021-09-15,2021,21.926818769604214,,,,,,,
2021-09-16,2021,21.72507650970048,,,,,,,
2021-09-17,2021,23.86842820178726,,,,,,,
2021-09-18,2021,8.903249537095341,,,,,,,
2021-09-19,2021,19.63269995989431,,,,,,,
2021-09-20,2021,11.904917782267121,,,,,,,
2021-09-21,2021,25.069753686241953,,,,,,,
2021-09-22,2021,16.756886034287668,,,,,,,
2021-09-23,2021,13.2072428651825,,,,,,,
2021-09-24,2021,24.68608529382509,,,,,,,
2021-09-25,2021,15.11851252084781,,,,,,,
2021-09-26,2021,24.33607891671098,,,,,,,
2021-09-27,2021,18.527899336484985,,,,,,,
2021-09-28,2021,12.357886783100719,,,,,,,
2021-09-29,2021,8.962007177267552,,,,,,,
2021-09-30,2021,21.3037990075273,,,,,,,
2021-10-01,2021,13.431758049545206,0.2729924242424242,7.743589743589744,14.076190476190476,22.06993006993007,20.68521739130435,24.792792792792792,0.7978142076502732
2021-10-02,2021,12.61537396446409,0.5099120879120879,14.81058495821727,25.874709976798144,42.06406685236769,26.84133611691023,46.5,3.159313725490196
2021-10-03,2021,24.605378026247646,0.4587238493723849,23.473537604456823,24.98021978021978,49.19220055710306,23.12167300380228,55.479553903345725,2.447136563876652
2021-10-04,2021,21.97791533463005,0.3455114822546973,8.533169533169533,22.31013916500994,31.92874692874693,44.88270377733598,49.43243243243244,1.910536779324056
2021-10-05,2021,20.625658057148172,0.2957996768982229,6.112810707456979,16.982229402261712,23.54684512428298,46.08395802098951,31.378125,2.938704028021016
2021-10-06,2021,23.516943108295514,0.212248322147651,6.412408759124087,16.801612903225806,23.27919708029197,26.975155279503102,23.29490616621984,4.439597315436242
2021-10-07,2021,26.60153883066552,0.3845009784735812,8.008163265306122,19.072953736654803,27.11020408163265,28.93883792048929,29.82321899736148,1.303370786516854
2021-10-08,2021,18.461317124259864,0.2824137931034483,10.11340206185567,15.838420107719928,25.69896907216495,30.461049284578696,28.439093484419264,1.3707865168539326
2021-10-09,2021,16.808968071368827,0.2151183970856102,3.331941544885177,13.663636363636364,17.308977035490607,33.36268656716418,22.45813953488372,0.6724738675958188
2021-10-10,2021,25.72529792715102,0.3414833333333333,8.842504743833016,15.881028938906752,25.058823529411764,26.34870317002882,21.46786632390745,1.3201438848920863
2021-10-11,2021,26.322196252566254,0.5328008752735229,18.543478260869566,30.48008385744235,50.11352657004831,41.55343511450382,56.387445887445885,4.413965087281795
2021-10-12,2021,18.93645683064834,0.7935151515151515,27.534278959810877,41.48185483870968,70.74231678486997,42.55536028119508,68.57274826789839,2.3844621513944224
2021-10-13,2021,13.850919041057336,,,,,,,
2021-10-14,2021,22.49684349242807,,,,,,,
2021-10-15,2021,18.455081551943355,,,,,,,
2021-10-16,2021,20.13373977949604,,,,,,,
2021-10-17,2021,32.5637952835788,,,,,,,
2021-10-18,2021,17.92676590068918,,,,,,,
2021-10-19,2021,11.511616752447194,,,,,,,
2021-10-20,2021,16.26541892695311,,,,,,,
2021-10-21,2021,22.74469019388934,,,,,,,
2021-10-22,2021,22.45982626777893,,,,,,,
2021-10-23,2021,20.406009973908606,,,,,,,
2021-10-24,2021,14.521059743741908,,,,,,,
2021-10-25,2021,21.31905192180964,,,,,,,
2021-10-26,2021,15.123511579838091,,,,,,,
2021-10-27,2021,21.73358273046513,,,,,,,
2021-10-28,2021,18.32768566872104,,,,,,,
2021-10-29,2021,16.870832616427116,,,,,,,
2021-10-30,2021,21.550942159427013,,,,,,,
2021-10-31,2021,15.571460990071476,,,,,,,
2021-11-01,2021,14.671539580716388,0.3640458015267175,15.72429906542056,18.68320610687023,35.1588785046729,15.681208053691275,33.68652037617555,2.158759124087591
2021-11-02,2021,22.89284379761981,0.3973198198198198,21.166666666666668,17.9,39.793103448275865,18.58333333333333,40.19384615384615,1.2704714640198511
2021-11-03,2021,11.63859290509321,0.4720523138832998,23.03399433427762,24.50334075723831,48.86968838526912,30.761467889908257,63.3907284768212,2.0553191489361704
2021-11-04,2021,14.889546097549967,0.3172025052192067,6.217283950617284,19.01197604790419,26.185185185185187,44.88223552894212,48.41867469879518,2.339321357285429
2021-11-05,2021,14.282130103521348,0.3027860696517413,6.36144578313253,18.41077441077441,25.52409638554217,38.20245398773006,30.96485623003195,2.0899280575539567
2021-11-06,2021,29.169028130392984,0.3012162162162162,7.795246800731261,20.2224025974026,28.08043875685557,24.18670886075949,20.834224598930483,4.6058020477815695
2021-11-07,2021,13.729758934644638,0.2773622047244095,3.63768115942029,13.612612612612612,17.13871635610766,34.95813953488372,31.936507936507937,3.637218045112782
2021-11-08,2021,27.455449185498306,0.2979717813051146,7.18895966029724,18.624309392265197,25.225053078556265,30.69016393442623,24.602857142857143,1.283236994219653
2021-11-09,2021,32.57775405676639,0.2088842105263157,3.286407766990292,12.677894736842106,16.140776699029125,33.686106346483704,19.547785547785548,0.840080971659919
2021-11-10,2021,12.129733910787039,0.5069980119284294,17.283653846153847,21.526838966202785,39.62980769230769,37.24149659863946,34.28428927680798,2.0562770562770565
2021-11-11,2021,25.000047247365046,0.4296792452830189,16.119148936170212,27.08703703703704,43.87234042553192,30.212662337662337,51.85652173913044,2.141649048625793
2021-11-12,2021,12.211770073694414,0.5723706176961603,23.61406844106464,31.776527331189712,56.27566539923954,36.00447093889717,70.21674876847291,2.621187800963082
2021-11-13,2021,20.902510311988582,,,,,,,
2021-11-14,2021,17.893262752472605,,,,,,,
2021-11-15,2021,14.906524891426303,,,,,,,
2021-11-16,2021,37.92567211355099,,,,,,,
2021-11-17,2021,26.387541805021833,,,,,,,
2021-11-18,2021,24.074804649237617,,,,,,,
2021-11-19,2021,24.702961289563564,,,,,,,
2021-11-20,2021,11.696663610448612,,,,,,,
2021-11-21,2021,20.21456202949441,,,,,,,
2021-11-22,2021,22.15114976487187,,,,,,,
2021-11-23,2021,16.61501006666702,,,,,,,
2021-11-24,2021,24.247180933395807,,,,,,,
2021-11-25,2021,20.598645314778636,,,,,,,
2021-11-26,2021,33.73637401029796,,,,,,,
2021-11-27,2021,18.74241659231215,,,,,,,
2021-11-28,2021,14.388174298935725,,,,,,,
2021-11-29,2021,19.236259360545613,,,,,,,
2021-11-30,2021,28.09376267719519,,,,,,,
2021-12-01,2021,11.331172585346476,0.3227238095238095,14.997685185185183,17.153398058252428,32.63194444444444,20.07508532423208,29.226993865030675,0.8998178506375227
2021-12-02,2021,11.362798013707483,0.2846460176991151,18.839650145772595,14.25485436893204,33.291545189504376,16.775109170305676,34.89180327868853,1.1205128205128203
2021-12-03,2021,24.40931546347265,0.4218363273453094,19.018372703412076,24.47379454926625,44.75590551181102,33.52407407407407,64.97435897435898,3.5541666666666667
2021-12-04,2021,18.159120776214277,0.4210084033613445,14.022277227722771,22.058,36.99752475247525,42.234,60.78370786516854,1.932
2021-12-05,2021,12.92942327365782,0.3216808149405772,9.773305084745765,19.605309734513277,29.89406779661017,35.64390243902439,26.92526690391459,1.483558994197292
2021-12-06,2021,25.622239925806287,0.2881818181818182,4.3893129770992365,17.028523489932887,21.24236641221374,21.62204724409449,19.21686746987952,1.4591304347826086
2021-12-07,2021,17.115727852835587,0.2840909090909091,7.095744680851064,15.911439114391143,23.046808510638296,32.77777777777778,45.40845070422535,1.830708661417323
2021-12-08,2021,10.800972647664153,0.361798245614035,11.012562814070352,19.613882863340564,30.57035175879397,35.76359832635983,30.04320987654321,3.055023923444976
2021-12-09,2021,30.0178665978588,0.1676630434782608,2.0586956521739133,10.176691729323307,12.445652173913045,26.63338301043219,11.957647058823529,0.7408695652173913
2021-12-10,2021,17.291322964737468,0.4414462081128747,19.767967145790557,21.25301204819277,41.51745379876797,25.85045317220544,30.5718085106383,1.337837837837838
2021-12-11,2021,13.810623866347466,0.2968738574040219,13.231237322515211,22.94690265486725,36.51521298174442,27.09228441754917,37.84745762711864,3.136538461538461
2021-12-12,2021,26.174413558594278,0.3447529812606473,7.784615384615384,21.318032786885247,29.732692307692307,30.29135053110774,43.71182266009852,1.70327868852459
2021-12-13,2021,19.487731746692795,,,,,,,
2021-12-14,2021,16.926691277790994,,,,,,,
2021-12-15,2021,19.10242454621446,,,,,,,
2021-12-16,2021,25.418019335280874,,,,,,,
2021-12-17,2021,16.817825654060993,,,,,,,
2021-12-18,2021,25.52041678011994,,,,,,,
2021-12-19,2021,9.533069473158783,,,,,,,
2021-12-20,2021,21.113245379303216,,,,,,,
2021-12-21,2021,16.993803129755346,,,,,,,
2021-12-22,2021,28.576234034118187,,,,,,,
2021-12-23,2021,18.3953721710174,,,,,,,
2021-12-24,2021,17.272855037555647,,,,,,,
2021-12-25,2021,25.570592596609956,,,,,,,
2021-12-26,2021,25.55622567502685,,,,,,,
2021-12-27,2021,20.429018570092317,,,,,,,
2021-12-28,2021,18.056287411961517,,,,,,,
2021-12-29,2021,14.651811369868627,,,,,,,
2021-12-30,2021,23.154304071901894,,,,,,,
2021-12-31,2021,18.796396438248497,,,,,,,
2022-01-01,2022,21.255717216634366,0.8345302013422818,15.479338842975206,27.75689655172414,44.22107438016529,33.47857142857143,89.43544857768053,2.7650375939849625
2022-01-02,2022,11.212737296261178,0.4246938775510204,18.834158415841586,19.73218142548596,38.01732673267327,21.06776556776557,37.1680216802168,1.3880266075388026
2022-01-03,2022,22.496963416121574,0.4779461279461279,22.306772908366533,26.85738255033557,49.874501992031874,28.108270676691728,54.14955357142857,6.533216783216783
2022-01-04,2022,17.459831167368627,0.5364840989399293,15.975336322869955,26.059040590405903,42.7219730941704,33.82738095238095,64.41726618705036,3.895390070921986
2022-01-05,2022,11.110674747855217,0.2787565674255692,2.991578947368421,16.350262697022767,19.91578947368421,50.67340590979782,40.26265060240964,1.7798319327731091
2022-01-06,2022,18.54414219595654,0.2667765567765567,7.66869918699187,15.72163120567376,23.48170731707317,28.73755656108597,34.7096018735363,1.6077348066298345
2022-01-07,2022,15.681707459106494,0.4207912457912457,9.638640429338103,22.136291600633918,31.531305903398927,36.5732044198895,33.14027149321267,3.8924242424242426
2022-01-08,2022,10.42568909861496,0.3136065573770492,7.713978494623656,19.145719489981783,27.066666666666663,28.61138211382114,19.79301075268817,1.3373015873015872
2022-01-09,2022,13.373508568985365,0.2546191247974068,7.890873015873016,14.65,22.72222222222222,21.67149059334298,21.404040404040405,1.913764510779436
2022-01-10,2022,18.090699329110567,0.3554397394136808,11.36228813559322,21.156305506216697,33.37923728813559,33.40088105726872,43.33846153846154,8.351219512195122
2022-01-11,2022,26.750317833650406,0.4411652173913044,13.582463465553236,23.151304347826088,37.26096033402923,32.130434782608695,47.73449131513648,2.312159709618874
2022-01-12,2022,16.43597457573717,0.3349328859060402,10.658,19.01510067114094,30.094,21.684971098265898,31.08333333333333,1.9966442953020132
2022-01-13,2022,20.553579335053655,,,,,,,
2022-01-14,2022,25.578876811108838,,,,,,,
2022-01-15,2022,27.895133993212355,,,,,,,
2022-01-16,2022,23.199209001718074,,,,,,,
2022-01-17,2022,15.235940475157904,,,,,,,
2022-01-18,2022,19.059493952860038,,,,,,,
2022-01-19,2022,21.202095665161497,,,,,,,
2022-01-20,2022,21.818463674683308,,,,,,,
2022-01-21,2022,20.72357494082246,,,,,,,
2022-01-22,2022,21.76597793366212,,,,,,,
2022-01-23,2022,25.109863411143674,,,,,,,
2022-01-24,2022,16.256594114620466,,,,,,,
2022-01-25,2022,20.64538403319253,,,,,,,
2022-01-26,2022,27.56770755661975,,,,,,,
2022-01-27,2022,26.392272709213067,,,,,,,
2022-01-28,2022,9.90750173473982,,,,,,,
2022-01-29,2022,24.537550379312833,,,,,,,
2022-01-30,2022,20.7910184262577,,,,,,,
2022-01-31,2022,22.23604163433234,,,,,,,
2022-02-01,2022,12.77066300511913,0.466672384219554,17.14814814814815,19.517182130584192,36.72633744855967,20.493598862019915,60.5491452991453,2.172607879924953
2022-02-02,2022,18.981909695765445,0.4373023255813953,19.861035422343324,19.83953488372093,39.438692098092645,27.350912778904664,49.12566844919786,1.5059952038369304
2022-02-03,2022,26.01143185591775,0.4462735042735042,19.580121703853955,27.476109215017065,48.02434077079108,35.67145135566188,56.79058823529412,4.689716312056738
2022-02-04,2022,19.064223203540813,0.5129684908789386,14.06496062992126,26.74792703150912,41.32283464566929,45.74483775811209,66.01545253863135,3.0770519262981573
2022-02-05,2022,11.603841199840561,0.3469439421338156,11.239224137931034,22.382142857142856,34.40948275862069,53.33491311216429,47.918502202643175,1.5504273504273505
2022-02-06,2022,29.648474681937902,0.2085831622176591,5.905092592592593,12.236363636363636,18.34490740740741,30.751286449399657,27.488687782805428,1.067099567099567
2022-02-07,2022,23.687845156269894,0.3908902691511387,12.41407867494824,17.92222222222222,30.424430641821942,37.49248747913189,33.21111111111111,2.217391304347826
2022-02-08,2022,19.59495176329961,0.4372636815920398,13.35140562248996,23.095959595959595,36.44578313253012,22.786032689450224,30.15406976744186,1.5674740484429066
2022-02-09,2022,13.811873941004192,0.229125,5.599616858237548,12.73581847649919,18.56704980842912,21.24084507042253,19.34464751958225,0.9453125
2022-02-10,2022,24.38181817596939,0.3191346153846154,7.464583333333334,19.12847222222222,27.133333333333333,38.4698275862069,39.48349056603774,8.97275641025641
2022-02-11,2022,9.96100412236101,0.2313666666666666,5.067460317460317,16.016666666666666,21.351190476190474,31.533653846153847,37.9322429906542,3.921875
2022-02-12,2022,17.858791883578714,0.5207809847198642,21.507014028056112,24.25546218487395,46.432865731462925,22.88433382137628,47.1021377672209,5.485568760611206
2022-02-13,2022,24.713307166775245,,,,,,,
2022-02-14,2022,26.42412108327289,,,,,,,
2022-02-15,2022,21.853628388784742,,,,,,,
2022-02-16,2022,15.999967175760538,,,,,,,
2022-02-17,2022,30.304137541718568,,,,,,,
2022-02-18,2022,12.980566016560397,,,,,,,
2022-02-19,2022,9.736650180550093,,,,,,,
2022-02-20,2022,15.817988278865766,,,,,,,
2022-02-21,2022,30.80576864712475,,,,,,,
2022-02-22,2022,25.120189832619545,,,,,,,
2022-02-23,2022,21.627640037482205,,,,,,,
2022-02-24,2022,24.915312818812048,,,,,,,
2022-02-25,2022,10.349466033342328,,,,,,,
2022-02-26,2022,13.39573999138723,,,,,,,
2022-02-27,2022,10.759364920501891,,,,,,,
2022-02-28,2022,25.760278922478914,,,,,,,
2022-03-01,2022,25.593454278542268,0.4743062200956938,9.83862433862434,28.13605442176871,37.89417989417989,27.146825396825395,59.95777777777778,6.696897374701671
2022-03-02,2022,33.47885841530246,0.3598214285714285,18.5,18.25793650793651,36.47222222222222,21.88020833333333,36.350267379679146,1.1895833333333334
2022-03-03,2022,19.98169131575085,0.4693109540636042,18.01279317697228,27.398230088495577,46.17910447761194,34.57457627118644,67.69777777777777,5.696969696969697
2022-03-04,2022,20.307529788410697,0.4072307692307692,6.004587155963303,20.282692307692308,26.93807339449541,51.713550600343055,56.4390243902439,5.034068136272545
2022-03-05,2022,16.904531248829947,0.4093360160965795,15.233100233100233,24.00584795321637,40.05594405594405,56.18675721561969,58.16525423728814,3.281767955801105
2022-03-06,2022,13.060721605417827,0.2401092896174863,6.130346232179226,15.257548845470692,21.63340122199593,37.87022900763359,35.01225490196079,1.1806083650190111
2022-03-07,2022,10.643400354825395,0.1947610619469026,2.535211267605634,11.25039123630673,13.732394366197184,41.32425068119891,26.06038647342995,1.8169440242057489
2022-03-08,2022,31.51504390032092,0.3617706576728499,12.20523138832998,19.06745362563238,31.71629778672032,39.11578947368421,30.91470588235294,1.448943661971831
2022-03-09,2022,26.8094428885146,0.2045116279069767,4.746666666666667,11.099838969404187,16.106666666666666,18.36680613668061,16.974747474747474,0.9813664596273292
2022-03-10,2022,19.293394517504158,0.3517647058823529,9.00625,21.25520833333333,30.985416666666666,37.384502923976605,46.99514563106796,4.163398692810458
2022-03-11,2022,21.71539452281711,0.5587145242070117,17.87475149105368,27.50584307178631,46.39363817097416,23.9454253611557,46.79432624113476,8.031304347826087
2022-03-12,2022,22.06689573702744,0.407283531409168,17.404761904761905,19.801666666666662,37.5218253968254,17.278350515463917,45.9471032745592,3.899488926746167
2022-03-13,2022,20.95144963335971,,,,,,,
2022-03-14,2022,16.688268338737252,,,,,,,
2022-03-15,2022,26.907912887179776,,,,,,,
2022-03-16,2022,26.000076329154787,,,,,,,
2022-03-17,2022,13.294109258345507,,,,,,,
2022-03-18,2022,32.0673839657509,,,,,,,
2022-03-19,2022,18.56653489933032,,,,,,,
2022-03-20,2022,22.624428029894705,,,,,,,
2022-03-21,2022,33.2550714964269,,,,,,,
2022-03-22,2022,17.349972360964863,,,,,,,
2022-03-23,2022,21.800850961825326,,,,,,,
2022-03-24,2022,26.872199627911595,,,,,,,
2022-03-25,2022,16.844372236107255,,,,,,,
2022-03-26,2022,20.459703461451948,,,,,,,
2022-03-27,2022,19.204444789021913,,,,,,,
2022-03-28,2022,17.892060683892844,,,,,,,
2022-03-29,2022,42.86666005513134,,,,,,,
2022-03-30,2022,10.345940922908033,,,,,,,
2022-03-31,2022,11.198658918366228,,,,,,,
2022-04-01,2022,26.062097446363833,0.7850521920668059,33.080760095011875,37.72616632860041,70.27553444180522,27.909734513274337,69.87466666666667,5.986784140969163
2022-04-02,2022,20.85502290385083,0.4020440881763527,19.75175644028103,20.018036072144287,39.72131147540984,20.60245183887916,40.13172043010753,1.7794117647058822
2022-04-03,2022,11.407656553149067,0.4506160164271047,16.501216545012166,25.006160164271048,42.57420924574209,32.48994515539305,58.35604395604396,5.71783295711061
2022-04-04,2022,27.142154668600618,0.4403387096774193,13.631679389312977,21.825806451612905,36.22900763358778,41.6257225433526,66.20990566037736,1.889261744966443
2022-04-05,2022,30.02280581128915,0.3912411347517731,11.199226305609283,25.9510603588907,37.86266924564797,53.733050847457626,61.39772727272727,2.044117647058824
2022-04-06,2022,15.436394279131921,0.3032521739130435,7.457760314341847,18.87607573149742,26.465618860510805,38.6014598540146,43.09417040358744,2.046017699115044
2022-04-07,2022,35.06450546095105,0.2287587412587412,5.532986111111111,13.899691358024691,19.46875,22.753721244925572,20.75661375661376,1.598802395209581
2022-04-08,2022,10.108382765702517,0.4474166666666667,13.353876739562624,24.24040066777963,37.99602385685885,28.73716012084592,35.4256926952141,1.6504347826086956
2022-04-09,2022,23.269162849680665,0.21656346749226,3.633776091081594,10.617363344051446,14.398481973434537,21.69777158774373,15.336986301369864,1.1203125
2022-04-10,2022,25.27868777275337,0.4653242320819112,15.085653104925054,24.072824156305508,39.92291220556745,32.46960486322188,40.07888040712468,5.089655172413793
2022-04-11,2022,24.550442055935363,0.5629390681003584,20.70736842105263,26.5752688172043,47.93473684210527,27.054455445544555,43.25,2.691011235955056
2022-04-12,2022,19.50572185215997,0.3193322203672788,7.821073558648111,18.32220367278798,26.421471172962228,25.74820143884892,23.58005249343832,2.2036727879799667
2022-04-13,2022,20.77398230041479,,,,,,,
2022-04-14,2022,18.83278082557583,,,,,,,
2022-04-15,2022,26.99490667597157,,,,,,,
2022-04-16,2022,24.880454556975497,,,,,,,
2022-04-17,2022,26.53806076224534,,,,,,,
2022-04-18,2022,16.71333622880122,,,,,,,
2022-04-19,2022,12.565312543055795,,,,,,,
2022-04-20,2022,18.54662591238191,,,,,,,
2022-04-21,2022,19.335176899587722,,,,,,,
2022-04-22,2022,26.00708659115813,,,,,,,
2022-04-23,2022,21.204135405306662,,,,,,,
2022-04-24,2022,33.13369425501367,,,,,,,
2022-04-25,2022,25.63592319911215,,,,,,,
2022-04-26,2022,18.40772979514424,,,,,,,
2022-04-27,2022,13.592829385784391,,,,,,,
2022-04-28,2022,17.29878511652045,,,,,,,
2022-04-29,2022,18.781381937523264,,,,,,,
2022-04-30,2022,27.501479585875135,,,,,,,
2022-05-01,2022,21.262987714544177,0.7628997867803838,29.650990099009903,37.47368421052632,66.72029702970298,32.020332717190385,67.54521276595744,3.791469194312796
2022-05-02,2022,18.302403167730922,0.4715370018975332,12.265934065934069,25.0853889943074,37.54505494505494,24.118530884808013,48.727722772277225,9.190854870775349
2022-05-03,2022,14.067681117153871,0.4322016806722689,14.910358565737052,23.867892976588628,39.354581673306775,26.459701492537317,48.75055187637969,2.156079854809437
2022-05-04,2022,15.344051283524886,0.3852173913043478,13.93673469387755,20.98625429553265,35.089795918367344,37.313782991202345,56.41037735849056,1.6065857885615251
2022-05-05,2022,18.02345644537745,0.3988888888888889,10.8399209486166,25.54152823920266,37.58498023715415,58.09192200557103,64.91743119266054,1.964824120603015
2022-05-06,2022,27.965962599936383,0.2719965277777778,3.876984126984127,15.411458333333334,19.38095238095238,37.81294964028777,36.84470588235294,2.607638888888889
2022-05-07,2022,12.448301157406785,0.380290909090909,10.916515426497275,19.79903536977492,30.45553539019964,21.01564722617354,22.850267379679146,2.674922600619195
2022-05-08,2022,19.493125171641413,0.3151666666666666,12.801587301587302,18.26,31.71825396825397,33.57228017883756,35.96296296296296,1.8350694444444444
2022-05-09,2022,17.10237944058631,0.2910180623973727,9.748466257668712,12.10507880910683,22.27402862985685,15.37631184407796,12.35234899328859,0.9419795221843004
2022-05-10,2022,11.554948374762137,0.4793982300884956,11.925842696629214,24.112962962962964,37.15505617977528,32.80533751962324,33.062953995157386,1.3733826247689465
2022-05-11,2022,17.47444758722997,0.6069428007889547,18.90521327014218,25.85375494071146,45.22511848341232,38.14311594202898,43.372972972972974,1.7592592592592593
2022-05-12,2022,12.835591696456255,0.7379595959595959,30.793187347931877,32.45748987854251,64.44282238442823,30.56887298747764,47.83251231527094,2.9834710743801653
2022-05-13,2022,13.920717360785222,,,,,,,
2022-05-14,2022,19.7976433074068,,,,,,,
2022-05-15,2022,15.86244132908036,,,,,,,
2022-05-16,2022,21.042551997891024,,,,,,,
2022-05-17,2022,26.970247161705885,,,,,,,
2022-05-18,2022,30.766622126244343,,,,,,,
2022-05-19,2022,31.00794438368481,,,,,,,
2022-05-20,2022,10.580117955408207,,,,,,,
2022-05-21,2022,20.98966006905729,,,,,,,
2022-05-22,2022,20.499793013758552,,,,,,,
2022-05-23,2022,19.96676195979385,,,,,,,
2022-05-24,2022,15.611182111924279,,,,,,,
2022-05-25,2022,23.15677218148562,,,,,,,
2022-05-26,2022,20.077247340232702,,,,,,,
2022-05-27,2022,16.312747020689525,,,,,,,
2022-05-28,2022,18.372589983329878,,,,,,,
2022-05-29,2022,16.68179976224017,,,,,,,
2022-05-30,2022,20.4209667861162,,,,,,,
2022-05-31,2022,19.894020415397534,,,,,,,
2022-06-01,2022,26.43531966311672,0.6905648535564853,30.09605911330049,33.91004184100419,63.93596059113301,28.88593155893536,61.67581047381546,2.262180974477958
2022-06-02,2022,21.251490793771282,0.4626375711574952,12.425438596491228,23.47628083491461,35.66447368421053,29.90452261306533,40.00487804878049,1.94831013916501
2022-06-03,2022,19.582342840467582,0.4388461538461538,8.52579365079365,21.8561872909699,31.00992063492064,36.79402985074627,46.629955947136565,2.247272727272727
2022-06-04,2022,27.363238448370552,0.4959325044404973,16.41769547325103,25.379725085910653,42.61934156378601,48.770270270270274,68.78458049886622,2.8843537414965987
2022-06-05,2022,27.994720983248268,0.4024873949579832,12.296367112810708,24.277867528271404,37.474187380497135,51.03929539295393,59.70574712643678,2.076547231270358
2022-06-06,2022,23.00264601195953,0.3588656195462478,11.013972055888225,21.720767888307154,32.7185628742515,37.073593073593074,45.0046403712297,1.9540636042402824
2022-06-07,2022,17.485924628064485,0.3180330882352941,10.597426470588236,17.75609756097561,28.384191176470587,32.88662790697674,35.912114014251785,3.2886435331230284
2022-06-08,2022,18.926388566626528,0.2693220338983051,8.706611570247935,17.496539792387544,26.71280991735537,32.36102719033233,37.145,2.265017667844523
2022-06-09,2022,12.171253042063157,0.5101338432122371,14.748803827751196,21.99800796812749,37.21531100478469,18.87372013651877,21.1496062992126,1.2256809338521402
2022-06-10,2022,13.980277293345644,0.3327845528455284,8.209068010075567,18.61783439490446,27.42317380352645,23.07899461400359,24.14404432132964,2.1496881496881497
2022-06-11,2022,19.01838589705406,0.4756063268892794,8.695560253699789,23.21616871704745,32.575052854122625,37.17017828200972,43.91549295774648,2.842201834862385
2022-06-12,2022,20.53387064292744,0.775016835016835,33.50901803607214,34.629441624365484,69.00200400801603,31.63063063063063,61.56962025316456,3.1157894736842104
2022-06-13,2022,20.01299170861331,,,,,,,
2022-06-14,2022,26.656799691955044,,,,,,,
2022-06-15,2022,15.782121402262614,,,,,,,
2022-06-16,2022,25.66948714492777,,,,,,,
2022-06-17,2022,18.74978381646961,,,,,,,
2022-06-18,2022,18.246005929551345,,,,,,,
2022-06-19,2022,21.31434898127692,,,,,,,
2022-06-20,2022,21.08300898664587,,,,,,,
2022-06-21,2022,21.866012839859344,,,,,,,
2022-06-22,2022,19.283457316703746,,,,,,,
2022-06-23,2022,18.730397976343035,,,,,,,
2022-06-24,2022,30.398752163030455,,,,,,,
2022-06-25,2022,25.47930311465845,,,,,,,
2022-06-26,2022,17.789288296952492,,,,,,,
2022-06-27,2022,23.777706409354163,,,,,,,
2022-06-28,2022,13.604819754971833,,,,,,,
2022-06-29,2022,18.524246810082317,,,,,,,
2022-06-30,2022,34.0159619959568,,,,,,,
2022-07-01,2022,14.286300907514502,0.6380084745762712,31.16169154228856,30.962025316455694,61.71144278606965,19.854932301740813,42.62944162436549,1.8953488372093024
2022-07-02,2022,21.833474418455648,0.3943738656987295,12.58366533864542,22.75609756097561,34.96414342629482,22.13707165109034,36.17142857142857,2.295238095238095
2022-07-03,2022,19.880268465411632,0.3913490725126475,11.20523138832998,21.8212478920742,33.6579476861167,35.33687405159332,51.534065934065936,2.7743119266055047
2022-07-04,2022,14.929993466940669,0.3048091603053435,3.93446088794926,19.834797891036903,24.7061310782241,51.27718223583461,86.69103773584905,2.0846846846846847
2022-07-05,2022,15.82711315143548,0.3265275459098497,10.938104448742749,20.088962108731465,31.64990328820116,48.7534435261708,38.45406824146982,1.4761120263591434
2022-07-06,2022,12.087417636495083,0.3870398481973434,8.723214285714286,21.680154142581888,30.232142857142858,50.61978361669242,51.05329949238579,2.923228346456693
2022-07-07,2022,16.591424378452835,0.2916058394160584,6.222634508348794,17.76595744680851,23.775510204081638,26.056851311953352,28.28978622327791,4.501547987616099
2022-07-08,2022,8.00703488546041,0.2430737704918033,4.202933985330073,14.367139959432048,18.78973105134474,29.50539568345324,22.542028985507248,1.4297872340425533
2022-07-09,2022,24.38718281024462,0.420685618729097,12.017241379310343,19.992857142857144,32.258620689655174,15.928143712574853,16.178683385579937,1.2752613240418118
2022-07-10,2022,38.08195498711591,0.2930053667262969,9.948164146868251,17.813953488372093,27.89416846652268,24.621374045801527,24.055023923444978,1.5656028368794326
2022-07-11,2022,24.227083231786647,0.4094200351493849,16.568710359408033,22.59226713532513,39.24735729386892,25.092382495948137,38.60839160839161,2.6114180478821365
2022-07-12,2022,11.989278721440744,0.6300169204737732,32.641129032258064,29.971283783783782,63.08870967741935,22.062130177514792,58.54005167958656,4.485165794066318
2022-07-13,2022,15.427218550893858,,,,,,,
2022-07-14,2022,17.758812667143957,,,,,,,
2022-07-15,2022,16.15218114231673,,,,,,,
2022-07-16,2022,26.705124878135884,,,,,,,
2022-07-17,2022,22.71068895021761,,,,,,,
2022-07-18,2022,13.028894798634674,,,,,,,
2022-07-19,2022,22.513415788320685,,,,,,,
2022-07-20,2022,24.19930506693702,,,,,,,
2022-07-21,2022,38.03505560111219,,,,,,,
2022-07-22,2022,36.08421116802069,,,,,,,
2022-07-23,2022,12.739209930389515,,,,,,,
2022-07-24,2022,31.607706902554995,,,,,,,
2022-07-25,2022,21.57022225472128,,,,,,,
2022-07-26,2022,14.323291728823238,,,,,,,
2022-07-27,2022,21.011989505524767,,,,,,,
2022-07-28,2022,21.635739546372125,,,,,,,
2022-07-29,2022,26.46444948728799,,,,,,,
2022-07-30,2022,10.531398886323494,,,,,,,
2022-07-31,2022,13.325675291814001,,,,,,,
2022-08-01,2022,23.77670204487361,0.5191914893617021,23.65196078431373,24.554166666666667,48.122549019607845,29.4989816700611,46.72979797979798,1.6729857819905214
2022-08-02,2022,23.08344025389927,0.4213306451612903,11.309302325581395,23.30952380952381,34.87906976744186,19.02359346642468,45.91860465116279,7.310344827586207
2022-08-03,2022,23.75817960004439,0.3119430485762144,11.025948103792414,17.54438860971524,29.043912175648703,25.630094043887148,48.02262443438914,1.588021778584392
2022-08-04,2022,20.903500193276937,0.513358925143954,8.238866396761134,30.050522648083625,38.59919028340081,30.0388198757764,67.2749391727494,4.860153256704981
2022-08-05,2022,24.041444970219327,0.3319866444073456,5.0914512922465205,19.053422370617696,24.888667992047715,49.65839416058394,44.79539641943734,1.6243739565943238
2022-08-06,2022,10.136838332720409,0.3428603603603604,4.825870646766169,20.50967741935484,25.345771144278608,43.56118881118881,51.41494845360825,5.022573363431151
2022-08-07,2022,25.50173618538167,0.2878038379530916,7.262806236080178,17.064453125,24.211581291759465,31.405693950177938,27.064903846153847,2.7532467532467533
2022-08-08,2022,21.651166183707392,0.2651705565529623,5.74020618556701,17.142857142857142,23.04123711340206,23.264931087289437,16.0251572327044,1.1878260869565218
2022-08-09,2022,18.680371667076436,0.2690578512396694,7.745054945054945,14.782214156079856,22.745054945054942,16.64232488822653,17.02659574468085,2.21280276816609
2022-08-10,2022,21.772902882443887,0.1761217391304347,5.559498956158664,14.210434782608695,19.95407098121085,18.65573770491803,15.584474885844749,1.0121739130434784
2022-08-11,2022,11.057382083628902,0.2315652173913043,6.772442588726514,15.772173913043478,22.870563674321502,23.15569823434992,27.731292517006803,1.2431941923774954
2022-08-12,2022,15.519163460846078,0.6027256637168141,29.34100418410042,31.26748251748252,61.62761506276151,24.626771653543308,62.51322751322751,5.555752212389381
2022-08-13,2022,9.28778902366799,,,,,,,
2022-08-14,2022,21.98694811045732,,,,,,,
2022-08-15,2022,26.510873719201157,,,,,,,
2022-08-16,2022,16.59203277797691,,,,,,,
2022-08-17,2022,12.610028562294433,,,,,,,
2022-08-18,2022,20.28748204994434,,,,,,,
2022-08-19,2022,12.657530166598923,,,,,,,
2022-08-20,2022,12.545345215776262,,,,,,,
2022-08-21,2022,19.902439143062786,,,,,,,
2022-08-22,2022,11.999915886622693,,,,,,,
2022-08-23,2022,27.313217495518128,,,,,,,
2022-08-24,2022,20.948166468652495,,,,,,,
2022-08-25,2022,18.649047027422174,,,,,,,
2022-08-26,2022,15.0153806689398,,,,,,,
2022-08-27,2022,21.200416968815766,,,,,,,
2022-08-28,2022,20.32362683037289,,,,,,,
2022-08-29,2022,24.47815579886985,,,,,,,
2022-08-30,2022,17.59841285114078,,,,,,,
2022-08-31,2022,18.916015761327817,,,,,,,
2022-09-01,2022,16.91262999045286,0.3712887828162291,10.733893557422968,20.42619047619048,31.15126050420168,30.75,29.246192893401016,1.376657824933687
2022-09-02,2022,17.080632656481015,0.4390500863557858,23.63888888888889,20.9432387312187,45.23412698412698,21.79014308426073,36.5,2.8336283185840707
2022-09-03,2022,13.062761151260457,0.2855534351145038,15.27391304347826,16.168260038240916,31.241304347826087,23.57391304347826,40.292929292929294,1.2123711340206185
2022-09-04,2022,13.860006134871444,0.5496531791907514,14.006896551724138,28.36994219653179,42.91724137931035,39.35283687943262,54.536,7.04
2022-09-05,2022,17.721307942938825,0.4335420743639921,12.18289786223278,21.47244094488189,34.67695961995249,49.13036020583191,49.17054263565891,2.216890595009597
2022-09-06,2022,20.144838412005278,0.3228383458646616,6.1273100616016425,19.383093525179856,25.04312114989733,20.96449704142012,25.63109756097561,1.1040462427745663
2022-09-07,2022,22.108967167224606,0.2461324041811846,5.611742424242424,16.340567612687813,21.873106060606062,24.88507462686567,26.050925925925927,4.396284829721362
2022-09-08,2022,30.037560909347963,0.3022718808193668,6.931111111111111,18.332720588235293,25.43555555555556,22.863560732113143,20.912903225806453,2.1875
2022-09-09,2022,24.303463648395965,0.4227536231884058,14.673306772908369,19.94648829431438,35.12948207171315,33.088023088023085,29.143529411764707,3.006700167504188
2022-09-10,2022,11.903916138879424,0.1556423611111111,3.404166666666667,12.413194444444445,15.94375,22.377473363774733,10.918465227817746,0.9010416666666666
2022-09-11,2022,26.281334052244606,0.3685689045936395,14.583509513742072,20.736749116607776,35.553911205073994,22.284345047923324,34.92749244712991,2.603321033210332
2022-09-12,2022,21.32189404305608,0.5513109243697479,19.944,29.24496644295302,50.088,23.42278860569715,62.46401985111663,3.030252100840336
2022-09-13,2022,16.84222546375315,,,,,,,
2022-09-14,2022,16.49962732281585,,,,,,,
2022-09-15,2022,21.73462144376776,,,,,,,
2022-09-16,2022,22.38762492217347,,,,,,,
2022-09-17,2022,13.466063719098186,,,,,,,
2022-09-18,2022,21.038311627383727,,,,,,,
2022-09-19,2022,26.470712327933676,,,,,,,
2022-09-20,2022,16.628791483091405,,,,,,,
2022-09-21,2022,23.823451268663916,,,,,,,
2022-09-22,2022,13.328263502082399,,,,,,,
2022-09-23,2022,20.46812738881291,,,,,,,
2022-09-24,2022,11.96010701400027,,,,,,,
2022-09-25,2022,35.186637188516805,,,,,,,
2022-09-26,2022,25.198411424180264,,,,,,,
2022-09-27,2022,17.690365394985005,,,,,,,
2022-09-28,2022,10.31371632097571,,,,,,,
2022-09-29,2022,26.845126322682862,,,,,,,
2022-09-30,2022,9.939381791107825,,,,,,,
2022-10-01,2022,19.61242949487558,0.2806976744186046,12.17910447761194,17.343881856540083,29.796019900497512,22.44779116465864,36.354330708661415,2.061611374407583
2022-10-02,2022,18.844375782915414,0.378597972972973,22.856287425149706,18.84175084175084,42.01996007984032,20.767628205128204,34.745652173913044,1.768421052631579
2022-10-03,2022,14.498741139218247,0.2803901437371663,12.267139479905437,16.22795698924731,28.34042553191489,28.119349005424954,47.565891472868216,1.2099322799097063
2022-10-04,2022,28.757924356610907,0.4598160535117057,11.926,21.04026845637584,33.694,36.0015625,35.63636363636363,1.4239864864864864
2022-10-05,2022,20.583228999755406,0.3340727902946274,12.462925851703408,19.225210084033613,32.49098196392786,37.40476190476191,47.087765957446805,1.8406040268456376
2022-10-06,2022,21.663885265031727,0.3358768656716417,9.192622950819672,19.542039355992845,28.584016393442624,28.916053019145803,30.62390670553936,1.48828125
2022-10-07,2022,22.196381230192916,0.1976614310645724,4.308712121212121,12.624790619765497,17.045454545454547,34.81409295352324,25.411027568922307,3.944186046511628
2022-10-08,2022,13.089553003576281,0.3563339382940109,12.099337748344372,18.619307832422585,30.995584988962477,28.063651591289783,25.85670731707317,1.2768670309653916
2022-10-09,2022,23.131682290029147,0.3990894308943089,13.359281437125748,19.54606365159129,33.38522954091816,35.488338192419825,32.36363636363637,1.3645484949832776
2022-10-10,2022,18.631595066412547,0.2341872791519434,6.721174004192872,17.134851138353767,24.16561844863732,25.092621664050235,19.368020304568528,0.9342806394316164
2022-10-11,2022,12.98490551052416,0.5372959183673469,23.19375,25.80851063829787,49.3625,23.277439024390244,41.93373493975904,2.777580071174377
2022-10-12,2022,31.600198656780044,0.5674333333333333,23.876984126984127,26.176666666666662,50.97420634920635,27.219827586206897,49.66336633663367,2.816666666666667
2022-10-13,2022,35.03862327378172,,,,,,,
2022-10-14,2022,23.495945913941213,,,,,,,
2022-10-15,2022,34.18774636175233,,,,,,,
2022-10-16,2022,23.036630192996334,,,,,,,
2022-10-17,2022,18.608404411252145,,,,,,,
2022-10-18,2022,15.635090685549187,,,,,,,
2022-10-19,2022,30.901616089660624,,,,,,,
2022-10-20,2022,12.008486217954788,,,,,,,
2022-10-21,2022,23.416555925296908,,,,,,,
2022-10-22,2022,15.94530840199533,,,,,,,
2022-10-23,2022,18.841878447672478,,,,,,,
2022-10-24,2022,18.649934799702244,,,,,,,
2022-10-25,2022,19.19062582182513,,,,,,,
2022-10-26,2022,18.30068910700265,,,,,,,
2022-10-27,2022,22.1986577642254,,,,,,,
2022-10-28,2022,38.947051148667406,,,,,,,
2022-10-29,2022,24.907909631167904,,,,,,,
2022-10-30,2022,18.53095580705755,,,,,,,
2022-10-31,2022,16.70733970959815,,,,,,,
2022-11-01,2022,18.088817212910445,0.283433734939759,10.233250620347397,17.56923076923077,27.739454094292803,15.810756972111554,25.43843843843844,1.5175644028103044
2022-11-02,2022,25.365122503132124,0.2966610738255034,17.836978131212724,16.692307692307693,34.78727634194831,21.24496124031008,36.77958236658933,0.975567190226876
2022-11-03,2022,11.717928914140048,0.3866609880749574,16.313492063492063,20.44404973357016,36.83134920634921,25.8103186646434,44.12219451371571,1.2894248608534322
2022-11-04,2022,25.77705840128189,0.4041349480968858,17.0703933747412,22.184801381692573,39.74741200828157,33.236507936507934,41.23893805309734,2.8353765323992994
2022-11-05,2022,23.667466347287522,0.2089122807017543,4.64354527938343,12.710310965630114,17.83044315992293,35.89108910891089,37.6578313253012,1.0196078431372548
2022-11-06,2022,7.422275016474621,0.3621454545454545,12.886454183266933,18.72251308900524,31.737051792828684,31.122832369942195,27.980198019801986,1.2813688212927756
2022-11-07,2022,17.882293256159482,0.3319859402460457,8.074712643678161,18.74915824915825,26.683908045977013,33.23609022556391,28.573979591836736,2.790951638065523
2022-11-08,2022,16.244635474419496,0.2246797153024911,7.085972850678733,15.14392523364486,22.475113122171944,27.17324185248713,24.74086378737541,3.8808193668528874
2022-11-09,2022,20.668140592485717,0.1733333333333333,2.014141414141414,11.19047619047619,13.523232323232325,39.387291981845685,22.15347721822542,1.0491525423728814
2022-11-10,2022,35.972185136557556,0.3541666666666667,13.8875,18.725694444444443,32.775,20.45088566827697,26.040865384615383,1.9965277777777777
2022-11-11,2022,26.234825586166654,0.5676733780760627,18.74863387978142,30.57111111111111,51.060109289617486,43.89138576779026,60.64927536231884,2.1975051975051976
2022-11-12,2022,17.975310421598078,0.4656102362204724,15.566176470588236,23.497967479674795,39.82107843137255,28.74453781512605,40.64577656675749,2.253937007874016
2022-11-13,2022,21.438036544022133,,,,,,,
2022-11-14,2022,17.93561361352885,,,,,,,
2022-11-15,2022,22.64159015793869,,,,,,,
2022-11-16,2022,21.194817744859503,,,,,,,
2022-11-17,2022,25.60978443868385,,,,,,,
2022-11-18,2022,20.304319933530433,,,,,,,
2022-11-19,2022,24.70296950189306,,,,,,,
2022-11-20,2022,26.88364675335727,,,,,,,
2022-11-21,2022,19.01330297049178,,,,,,,
2022-11-22,2022,31.495749857588685,,,,,,,
2022-11-23,2022,25.459540320563363,,,,,,,
2022-11-24,2022,16.340325284792957,,,,,,,
2022-11-25,2022,26.52723261716649,,,,,,,
2022-11-26,2022,35.978048219836694,,,,,,,
2022-11-27,2022,14.23478518134382,,,,,,,
2022-11-28,2022,21.359241566633337,,,,,,,
2022-11-29,2022,15.446561256993753,,,,,,,
2022-11-30,2022,20.382903018799695,,,,,,,
2022-12-01,2022,27.982856933052275,0.4607378640776699,25.80989583333333,25.122685185185187,51.02604166666666,18.01747572815534,44.02941176470589,6.026905829596412
2022-12-02,2022,22.424040356892416,0.3346566164154104,14.693836978131213,20.24707846410685,35.232604373757454,22.79907264296754,33.45454545454545,1.9286956521739127
2022-12-03,2022,15.823759565569013,0.3298541329011345,5.7645875251509056,18.98141891891892,25.24547283702213,37.66424418604651,66.5088161209068,4.311304347826087
2022-12-04,2022,34.6888782798002,0.3126315789473684,9.100603621730382,19.62668918918919,29.227364185110662,35.45166163141994,43.592326139088726,1.663265306122449
2022-12-05,2022,12.652750335766095,0.2224652777777777,6.080459770114943,14.75242718446602,21.270114942528732,39.36694677871149,38.592326139088726,1.116504854368932
2022-12-06,2022,23.15533713608635,0.2306727272727272,5.819085487077535,14.765217391304349,20.737574552683892,34.403458213256485,25.367924528301888,2.716730038022814
2022-12-07,2022,22.183632358137196,0.3573859649122807,12.52601156069364,20.749576988155667,33.21001926782274,37.61702127659574,31.44893111638955,1.7198748043818466
2022-12-08,2022,25.475820496507005,0.2915313653136531,6.82903981264637,17.7992277992278,24.911007025761123,26.362190812720847,22.173076923076923,3.7284644194756553
2022-12-09,2022,21.155891179709844,0.2300635593220339,3.643031784841076,14.369168356997973,18.405867970660147,34.181347150259064,23.194513715710723,1.839756592292089
2022-12-10,2022,19.99754937131248,0.3696146044624746,18.561855670103093,17.578389830508474,36.14948453608248,21.85045045045045,28.26746987951807,2.9330628803245435
2022-12-11,2022,14.18787563036369,0.5444927536231884,13.37719298245614,28.831521739130437,43.31140350877193,45.29256965944273,68.69166666666666,4.027173913043479
2022-12-12,2022,23.97551030377011,0.6088265306122449,25.895299145299145,27.55496453900709,54.40811965811966,30.97209985315712,50.49175824175824,1.727891156462585
2022-12-13,2022,16.991833773533457,,,,,,,
2022-12-14,2022,18.386250769237265,,,,,,,
2022-12-15,2022,28.879657910645133,,,,,,,
2022-12-16,2022,21.814908772696366,,,,,,,
2022-12-17,2022,11.952816395677548,,,,,,,
2022-12-18,2022,14.939125913246636,,,,,,,
2022-12-19,2022,11.798245516107805,,,,,,,
2022-12-20,2022,14.447759755779408,,,,,,,
2022-12-21,2022,11.63566105312259,,,,,,,
2022-12-22,2022,19.37251657745172,,,,,,,
2022-12-23,2022,12.534386647728445,,,,,,,
2022-12-24,2022,22.086572420901952,,,,,,,
2022-12-25,2022,10.639100969843964,,,,,,,
2022-12-26,2022,23.48383789348012,,,,,,,
2022-12-27,2022,22.688871871911264,,,,,,,
2022-12-28,2022,26.350812127992477,,,,,,,
2022-12-29,2022,27.964471416658842,,,,,,,
2022-12-30,2022,26.890892840526845,,,,,,,
2022-12-31,2022,16.304600587336427,,,,,,,
2023-01-01,2023,30.406278764330455,0.6315544871794871,14.967032967032967,17.49532710280374,32.913919413919416,21.91111111111111,67.6489898989899,1.4875
2023-01-02,2023,11.853900106991487,0.5232710280373832,14.980842911877394,27.96763754045308,43.76245210727969,32.39798850574713,57.925,6.405263157894737
2023-01-03,2023,12.525711194279996,0.6206969696969697,19.54850746268657,27.485148514851485,47.60074626865672,37.08701854493581,59.93018018018018,2.3955479452054798
2023-01-04,2023,16.517940345953093,0.3966028708133971,12.0,24.50260869565217,37.24791666666667,41.51072961373391,61.712158808933005,3.2222222222222223
2023-01-05,2023,30.822246188703488,0.3018909090909091,6.555282555282555,17.53187250996016,24.71990171990172,37.991961414791,44.55675675675676,1.2929515418502202
2023-01-06,2023,13.31645150759079,,,,,,,
2023-01-07,2023,17.189861194477228,,,,,,,
2023-01-08,2023,12.763926062856438,,,,,,,
2023-01-09,2023,21.738940834718143,,,,,,,
2023-01-10,2023,21.19959943559599,,,,,,,
2023-01-11,2023,24.996574006487386,,,,,,,
2023-01-12,2023,19.860515688963684,,,,,,,
2023-01-13,2023,21.448847063335485,,,,,,,
2023-01-14,2023,10.794998933625111,,,,,,,
2023-01-15,2023,17.48825043196906,,,,,,,
2023-01-16,2023,15.10677943497609,,,,,,,
2023-01-17,2023,12.18036049982427,,,,,,,
2023-01-18,2023,16.386788544038136,,,,,,,
2023-01-19,2023,22.087289089041164,,,,,,,
2023-01-20,2023,15.959744826812782,,,,,,,
2023-01-21,2023,19.09733004856785,,,,,,,
2023-01-22,2023,23.005800808303267,,,,,,,
2023-01-23,2023,15.085270053358128,,,,,,,
2023-01-24,2023,19.762048732734467,,,,,,,
2023-01-25,2023,14.388444845220745,,,,,,,
2023-01-26,2023,24.4215377973159,,,,,,,
2023-01-27,2023,20.911037485837163,,,,,,,
2023-01-28,2023,12.28150605721978,,,,,,,
2023-01-29,2023,28.27652550273129,,,,,,,
2023-01-30,2023,17.322450080547366,,,,,,,
2023-01-31,2023,20.75043422368682,,,,,,,
2023-02-01,2023,24.783920314734576,0.3798509933774834,16.46067415730337,14.9171974522293,31.49625468164794,17.74,25.630769230769232,1.0541401273885351
2023-02-02,2023,23.337121897143312,0.6164732142857143,23.18693284936479,31.287480680061822,55.74773139745916,34.32327586206897,57.03038674033149,2.060763888888889
2023-02-03,2023,22.186294055761195,0.5836060606060606,21.357563850687622,25.57487091222031,47.78585461689588,32.22173274596182,64.63231850117096,2.504934210526316
2023-02-04,2023,17.871371140404193,0.3133764135702746,6.110619469026549,17.89051094890511,25.0,47.60636758321274,53.116336633663366,2.984644913627639
2023-02-05,2023,21.814357363825707,0.3443956043956044,8.235148514851485,17.822,26.73762376237624,39.30744336569579,51.12732095490716,0.9757174392935982
2023-02-06,2023,26.523205929824215,,,,,,,
2023-02-07,2023,19.862765872784657,,,,,,,
2023-02-08,2023,15.352516443141742,,,,,,,
2023-02-09,2023,12.075178976677137,,,,,,,
2023-02-10,2023,23.590294684668212,,,,,,,
2023-02-11,2023,22.072370297068748,,,,,,,
2023-02-12,2023,27.436822370906725,,,,,,,
2023-02-13,2023,25.928102369963913,,,,,,,
2023-02-14,2023,25.878815660561244,,,,,,,
2023-02-15,2023,17.044106225877428,,,,,,,
2023-02-16,2023,23.16505869352904,,,,,,,
2023-02-17,2023,17.298263965320025,,,,,,,
2023-02-18,2023,22.82804008578838,,,,,,,
2023-02-19,2023,12.153456901107539,,,,,,,
2023-02-20,2023,18.68979490988532,,,,,,,
2023-02-21,2023,8.751709818795337,,,,,,,
2023-02-22,2023,20.999128496619843,,,,,,,
2023-02-23,2023,26.938845480814265,,,,,,,
2023-02-24,2023,14.579373604413966,,,,,,,
2023-02-25,2023,17.57726174559175,,,,,,,
2023-02-26,2023,21.676392866109087,,,,,,,
2023-02-27,2023,20.406726139908532,,,,,,,
2023-02-28,2023,13.697732763984964,,,,,,,
2023-03-01,2023,16.063026736341275,0.4078170144462279,16.141221374045802,18.350565428109853,34.58587786259542,20.13314447592068,28.351039260969976,1.0612903225806452
2023-03-02,2023,36.9803694254848,0.3281109185441941,5.066666666666666,19.4812734082397,24.817777777777778,28.10554561717353,49.63903743315508,5.377969762419006
2023-03-03,2023,22.560877206396494,0.4887742899850523,19.93625498007968,23.858885017421603,44.38446215139442,33.18938307030129,62.03386004514672,2.14170692431562
2023-03-04,2023,25.664813333236722,0.4030560271646859,9.43123543123543,25.613333333333333,35.81818181818182,49.636913767019664,58.6015625,2.979716024340771
2023-03-05,2023,19.29241749717798,0.4312195121951219,10.764044943820224,22.058690744920995,33.63483146067416,44.81737588652482,65.50700280112045,3.0488997555012225
2023-03-06,2023,20.102324656511374,,,,,,,
2023-03-07,2023,11.416960420655894,,,,,,,
2023-03-08,2023,12.65656248695379,,,,,,,
2023-03-09,2023,22.082511630782598,,,,,,,
2023-03-10,2023,10.798773751238658,,,,,,,
2023-03-11,2023,12.191307581915785,,,,,,,
2023-03-12,2023,7.106668938508334,,,,,,,
2023-03-13,2023,21.50855083558073,,,,,,,
2023-03-14,2023,24.26831032417126,,,,,,,
2023-03-15,2023,21.293788890756513,,,,,,,
2023-03-16,2023,25.038899625969552,,,,,,,
2023-03-17,2023,17.174419305371455,,,,,,,
2023-03-18,2023,10.292500804686801,,,,,,,
2023-03-19,2023,7.548675353757802,,,,,,,
2023-03-20,2023,12.385149699543645,,,,,,,
2023-03-21,2023,15.138533519355882,,,,,,,
2023-03-22,2023,13.013599616635117,,,,,,,
2023-03-23,2023,17.16330528796652,,,,,,,
2023-03-24,2023,20.93693010695431,,,,,,,
2023-03-25,2023,22.32384128403934,,,,,,,
2023-03-26,2023,20.15804423279159,,,,,,,
2023-03-27,2023,25.629783976060306,,,,,,,
2023-03-28,2023,13.320062774194703,,,,,,,
2023-03-29,2023,20.323552081935976,,,,,,,
2023-03-30,2023,21.528300256586984,,,,,,,
2023-03-31,2023,15.812080013051238,,,,,,,
2023-04-01,2023,21.588559769494978,0.6058563535911602,27.60753880266076,28.82725527831094,57.37694013303769,30.389351081530783,47.57270693512304,2.368715083798883
2023-04-02,2023,21.7186418420951,0.507797619047619,13.231060606060606,26.854166666666668,40.94886363636363,34.20524691358025,51.95778364116095,5.436594202898551
2023-04-03,2023,11.857724939551757,0.4907153965785381,18.66737288135593,24.799632352941178,44.13347457627118,35.96866096866097,54.64772727272727,2.0281923714759538
2023-04-04,2023,16.668745899477262,0.5064342629482071,14.132467532467532,27.3681917211329,42.5038961038961,42.54774774774775,61.51796407185629,2.3621867881548977
2023-04-05,2023,21.630485184947517,0.3496606334841629,5.461773700305811,19.922879177377894,26.146788990825687,52.519916142557655,60.153179190751445,2.0779944289693595
2023-04-06,2023,20.00717310377187,,,,,,,
2023-04-07,2023,24.233838830435406,,,,,,,
2023-04-08,2023,19.359815717777423,,,,,,,
2023-04-09,2023,30.84872653831575,,,,,,,
2023-04-10,2023,12.481782883756685,,,,,,,
2023-04-11,2023,17.931357861565825,,,,,,,
2023-04-12,2023,16.08327910366004,,,,,,,
2023-04-13,2023,22.091871087360442,,,,,,,
2023-04-14,2023,8.48669326000062,,,,,,,
2023-04-15,2023,18.83145696927717,,,,,,,
2023-04-16,2023,18.189205550825815,,,,,,,
2023-04-17,2023,17.707152281683406,,,,,,,
2023-04-18,2023,12.353251635756163,,,,,,,
2023-04-19,2023,21.824691940575416,,,,,,,
2023-04-20,2023,22.731210928255503,,,,,,,
2023-04-21,2023,19.26078774540965,,,,,,,
2023-04-22,2023,24.06463830044442,,,,,,,
2023-04-23,2023,30.8554908281317,,,,,,,
2023-04-24,2023,19.48487333456816,,,,,,,
2023-04-25,2023,12.731153132243186,,,,,,,
2023-04-26,2023,21.945427792855202,,,,,,,
2023-04-27,2023,20.311860401097967,,,,,,,
2023-04-28,2023,13.046133504382542,,,,,,,
2023-04-29,2023,12.092594808720921,,,,,,,
2023-04-30,2023,22.7222978267742,,,,,,,
2023-05-01,2023,18.031122732715684,0.451922480620155,18.75815738963532,24.504051863857374,43.59117082533589,26.4463768115942,48.660714285714285,3.4396135265700485
2023-05-02,2023,17.956458202412342,0.4166218236173393,11.603053435114504,21.529032258064515,33.44465648854962,27.94573643410853,43.674157303370784,4.260473588342441
2023-05-03,2023,14.801077965735473,0.4604088586030664,10.227272727272728,23.455301455301456,34.54066985645933,43.17488076311606,57.922222222222224,6.115596330275229
2023-05-04,2023,26.24310758652272,0.4702210884353741,12.596846846846846,25.21481481481481,38.49324324324324,40.877272727272725,63.08536585365854,2.2309197651663406
2023-05-05,2023,12.868372220801593,0.4710076045627376,9.483460559796438,28.208588957055216,38.70737913486005,42.22071307300509,62.80446927374302,2.9379474940334127
2023-05-06,2023,12.43523225571787,,,,,,,
2023-05-07,2023,25.752666627633218,,,,,,,
2023-05-08,2023,21.49584184040792,,,,,,,
2023-05-09,2023,12.910082330778687,,,,,,,
2023-05-10,2023,10.262734258826143,,,,,,,
2023-05-11,2023,36.797919863685976,,,,,,,
2023-05-12,2023,37.963910664795364,,,,,,,
2023-05-13,2023,21.018140551302487,,,,,,,
2023-05-14,2023,18.02398260152725,,,,,,,
2023-05-15,2023,22.083022821674138,,,,,,,
2023-05-16,2023,16.68485251969208,,,,,,,
2023-05-17,2023,27.48028921725706,,,,,,,
2023-05-18,2023,25.444635035454763,,,,,,,
2023-05-19,2023,18.74783819467599,,,,,,,
2023-05-20,2023,18.935473535616858,,,,,,,
2023-05-21,2023,22.437423160988313,,,,,,,
2023-05-22,2023,24.870397583513395,,,,,,,
2023-05-23,2023,30.753710872641705,,,,,,,
2023-05-24,2023,20.247023148186365,,,,,,,
2023-05-25,2023,19.645955543615408,,,,,,,
2023-05-26,2023,11.755488905612962,,,,,,,
2023-05-27,2023,20.77954859479378,,,,,,,
2023-05-28,2023,21.773146217904667,,,,,,,
2023-05-29,2023,21.57277382197304,,,,,,,
2023-05-30,2023,15.836998236522968,,,,,,,
2023-05-31,2023,10.179634025473097,,,,,,,
2023-06-01,2023,25.46398064819856,0.5104680187207489,19.119230769230768,28.01948051948052,48.034615384615385,26.850852272727277,50.03981264637002,3.954911433172303
2023-06-02,2023,20.26102011309185,0.451955223880597,12.434865900383144,25.09061488673139,38.29693486590038,32.55572755417957,40.35260115606936,3.92
2023-06-03,2023,22.337194733011266,0.4700749625187406,16.633474576271187,25.93014705882353,43.15889830508475,37.35804195804196,66.17699115044248,2.274193548387097
2023-06-04,2023,21.88351059066841,0.3084113712374582,3.924242424242424,15.170250896057349,19.805194805194805,43.74179104477612,56.8954802259887,2.587044534412956
2023-06-05,2023,25.328778175454012,0.429825918762089,11.18,25.385395537525355,37.7225,45.87945670628184,58.48066298342541,3.5214105793450883
2023-06-06,2023,22.460499046187135,,,,,,,
2023-06-07,2023,17.639411089509764,,,,,,,
2023-06-08,2023,23.014803037606455,,,,,,,
2023-06-09,2023,19.986332078983935,,,,,,,
2023-06-10,2023,22.10344913130993,,,,,,,
2023-06-11,2023,26.107414185543934,,,,,,,
2023-06-12,2023,33.823694583574955,,,,,,,
2023-06-13,2023,36.1578921202306,,,,,,,
2023-06-14,2023,24.217367357998274,,,,,,,
2023-06-15,2023,10.130783763837451,,,,,,,
2023-06-16,2023,22.93409469811408,,,,,,,
2023-06-17,2023,15.467225574347259,,,,,,,
2023-06-18,2023,13.706448743431677,,,,,,,
2023-06-19,2023,15.205734322424098,,,,,,,
2023-06-20,2023,15.049600115076776,,,,,,,
2023-06-21,2023,20.047343984748835,,,,,,,
2023-06-22,2023,10.873101713215867,,,,,,,
2023-06-23,2023,15.70628165297799,,,,,,,
2023-06-24,2023,18.615826408345814,,,,,,,
2023-06-25,2023,21.327414113127034,,,,,,,
2023-06-26,2023,27.513429485723474,,,,,,,
2023-06-27,2023,16.723912622377064,,,,,,,
2023-06-28,2023,15.873395549167528,,,,,,,
2023-06-29,2023,20.169912536618902,,,,,,,
2023-06-30,2023,20.196942790344018,,,,,,,
2023-07-01,2023,31.610472055205673,0.5478052550231839,21.489563567362428,28.441412520064205,50.72865275142315,28.566906474820144,50.22727272727273,4.064205457463885
2023-07-02,2023,10.580500128513675,0.708139880952381,27.77586206896552,32.33980582524272,61.19348659003831,35.60493827160494,55.71176470588235,2.3369565217391304
2023-07-03,2023,18.865489868803632,0.5121621621621621,22.24144869215292,26.184534270650264,48.89738430583501,32.32167832167832,58.76904761904762,1.6179775280898876
2023-07-04,2023,13.231750986409516,0.2183159722222222,2.383157894736842,10.747810858143607,13.51157894736842,33.919330289193304,39.213855421686745,2.913684210526316
2023-07-05,2023,11.602264869399601,0.276812749003984,4.919060052219321,18.97286012526096,24.441253263707573,43.98109965635739,38.38198757763975,2.3230769230769237
2023-07-06,2023,25.472922414443236,,,,,,,
2023-07-07,2023,17.552807833305977,,,,,,,
2023-07-08,2023,21.537959709109092,,,,,,,
2023-07-09,2023,26.924204815345387,,,,,,,
2023-07-10,2023,16.155168291400376,,,,,,,
2023-07-11,2023,15.704565169521908,,,,,,,
2023-07-12,2023,34.838629159043556,,,,,,,
2023-07-13,2023,20.806254027234715,,,,,,,
2023-07-14,2023,26.091934392840702,,,,,,,
2023-07-15,2023,14.583578372201755,,,,,,,
2023-07-16,2023,11.031973451142788,,,,,,,
2023-07-17,2023,9.537205294483204,,,,,,,
2023-07-18,2023,13.464712842213343,,,,,,,
2023-07-19,2023,20.991049532932205,,,,,,,
2023-07-20,2023,21.179116087736098,,,,,,,
2023-07-21,2023,26.17335177314047,,,,,,,
2023-07-22,2023,15.69993937737651,,,,,,,
2023-07-23,2023,30.545616289673276,,,,,,,
2023-07-24,2023,15.725606443042455,,,,,,,
2023-07-25,2023,22.00968295138131,,,,,,,
2023-07-26,2023,23.29944275533201,,,,,,,
2023-07-27,2023,19.90955746429519,,,,,,,
2023-07-28,2023,24.69276679051538,,,,,,,
2023-07-29,2023,14.403870536492315,,,,,,,
2023-07-30,2023,11.472106211071209,,,,,,,
2023-07-31,2023,17.567805282788,,,,,,,
2023-08-01,2023,18.737900329999732,0.4851468315301391,16.178368121442126,24.40128410914928,41.2011385199241,32.80835734870317,44.96916299559472,1.964686998394864
2023-08-02,2023,47.67681040631067,0.6286626139817629,19.075435203094777,30.46166394779772,50.43133462282398,39.76827371695179,63.196335078534034,2.3940520446096656
2023-08-03,2023,20.33665085176986,0.4790554722638681,20.8842504743833,26.11705685618729,47.313092979127134,29.62396694214876,60.06666666666667,3.0634674922600618
2023-08-04,2023,20.895197017343943,0.279919224555735,3.9368421052631577,14.335087719298246,18.701052631578943,37.63513513513514,40.35428571428572,3.5130260521042085
2023-08-05,2023,13.774045438384995,0.3243232323232323,6.594164456233422,22.99154334038055,30.153846153846157,30.044067796610168,38.51234567901235,2.290322580645161
2023-08-06,2023,10.703564878484851,,,,,,,
2023-08-07,2023,15.14443439695903,,,,,,,
2023-08-08,2023,17.599920699298703,,,,,,,
2023-08-09,2023,27.453255800785247,,,,,,,
2023-08-10,2023,27.99874763033205,,,,,,,
2023-08-11,2023,25.5288585918333,,,,,,,
2023-08-12,2023,21.548947212033312,,,,,,,
2023-08-13,2023,20.393809434248002,,,,,,,
2023-08-14,2023,21.136193239999393,,,,,,,
2023-08-15,2023,33.40884730004264,,,,,,,
2023-08-16,2023,13.60920336705188,,,,,,,
2023-08-17,2023,15.330588998041218,,,,,,,
2023-08-18,2023,11.715481350599866,,,,,,,
2023-08-19,2023,13.884517585821941,,,,,,,
2023-08-20,2023,23.681023830755407,,,,,,,
2023-08-21,2023,14.421156475353355,,,,,,,
2023-08-22,2023,21.020313812940827,,,,,,,
2023-08-23,2023,19.36945635752046,,,,,,,
2023-08-24,2023,11.779015343703065,,,,,,,
2023-08-25,2023,22.88735657676766,,,,,,,
2023-08-26,2023,15.46128574572204,,,,,,,
2023-08-27,2023,18.439245659630632,,,,,,,
2023-08-28,2023,12.117189718311456,,,,,,,
2023-08-29,2023,20.16785263556713,,,,,,,
2023-08-30,2023,35.459953995989174,,,,,,,
2023-08-31,2023,20.343019476411463,,,,,,,
2023-09-01,2023,15.873913663684261,0.5516366612111293,17.626984126984127,26.911666666666665,45.65873015873016,32.12316715542522,54.58008658008658,5.6341059602649
2023-09-02,2023,26.137499066652484,0.4524911660777385,10.13763440860215,23.051565377532228,33.85806451612903,36.48381601362862,54.40476190476191,5.1203319502074685
2023-09-03,2023,16.237137842410153,0.477416918429003,20.785299806576404,25.64176570458404,47.0,31.997191011235955,56.78537735849056,2.4858934169279
2023-09-04,2023,32.65768597374353,0.2860409556313993,4.163265306122449,14.780260707635009,19.54875283446712,35.80095541401274,33.948948948948946,2.809224318658281
2023-09-05,2023,25.430872044614713,0.4317588932806324,13.897905759162304,25.205020920502093,39.82984293193717,28.251644736842103,41.563380281690144,1.2556053811659194
2023-09-06,2023,9.083174549716897,,,,,,,
2023-09-07,2023,16.787030028663217,,,,,,,
2023-09-08,2023,23.84852417253252,,,,,,,
2023-09-09,2023,18.23882307169904,,,,,,,
2023-09-10,2023,14.877859665103056,,,,,,,
2023-09-11,2023,17.86699017361423,,,,,,,
2023-09-12,2023,10.917455702572358,,,,,,,
2023-09-13,2023,13.94832567718248,,,,,,,
2023-09-14,2023,35.36682412378402,,,,,,,
2023-09-15,2023,21.525095992028778,,,,,,,
2023-09-16,2023,38.485683970961915,,,,,,,
2023-09-17,2023,24.77070916052514,,,,,,,
2023-09-18,2023,23.681746683127525,,,,,,,
2023-09-19,2023,37.99717987874032,,,,,,,
2023-09-20,2023,24.50242495970765,,,,,,,
2023-09-21,2023,12.530977130057536,,,,,,,
2023-09-22,2023,19.96182068997408,,,,,,,
2023-09-23,2023,30.67929326361863,,,,,,,
2023-09-24,2023,19.001817565164448,,,,,,,
2023-09-25,2023,14.972008987515908,,,,,,,
2023-09-26,2023,24.109352726369355,,,,,,,
2023-09-27,2023,21.03041712897688,,,,,,,
2023-09-28,2023,25.63341095562065,,,,,,,
2023-09-29,2023,11.016747771761345,,,,,,,
2023-09-30,2023,30.873955143161037,,,,,,,
2023-10-01,2023,17.21540711829002,0.5956944444444444,18.40127388535032,30.895495495495496,49.99787685774947,32.95133437990581,57.520920502092046,3.272727272727273
2023-10-02,2023,20.031946516312892,0.5014668769716089,15.493256262042388,25.07037643207856,41.19267822736031,30.68133535660091,59.14520547945205,3.9613970588235294
2023-10-03,2023,16.69535204835765,0.5245727848101266,24.776892430278885,26.698606271777003,51.864541832669325,29.138032305433185,58.4675925925926,1.7766830870279149
2023-10-04,2023,44.6842241716093,0.3648648648648648,6.6,19.98861047835991,26.59189189189189,28.822222222222223,30.521885521885523,4.258397932816537
2023-10-05,2023,20.657030910083044,0.528,16.677248677248677,25.65359477124183,42.888888888888886,33.073122529644266,42.32846715328467,1.557422969187675
2023-10-06,2023,18.520524549620188,,,,,,,
2023-10-07,2023,20.486945960398934,,,,,,,
2023-10-08,2023,23.52895784188205,,,,,,,
2023-10-09,2023,22.38472758055294,,,,,,,
2023-10-10,2023,24.677611486971156,,,,,,,
2023-10-11,2023,16.469462850241143,,,,,,,
2023-10-12,2023,17.986257422774358,,,,,,,
2023-10-13,2023,9.99903391945112,,,,,,,
2023-10-14,2023,11.688003865767644,,,,,,,
2023-10-15,2023,38.22174247184479,,,,,,,
2023-10-16,2023,35.836388641819084,,,,,,,
2023-10-17,2023,24.660730384240324,,,,,,,
2023-10-18,2023,25.246927819474863,,,,,,,
2023-10-19,2023,19.656819995602756,,,,,,,
2023-10-20,2023,17.990258816152597,,,,,,,
2023-10-21,2023,19.29811359441118,,,,,,,
2023-10-22,2023,17.844943462238792,,,,,,,
2023-10-23,2023,16.56769160784201,,,,,,,
2023-10-24,2023,22.9424285227289,,,,,,,
2023-10-25,2023,24.617093189549408,,,,,,,
2023-10-26,2023,19.733422264882577,,,,,,,
2023-10-27,2023,20.54429410688752,,,,,,,
2023-10-28,2023,21.814447861882467,,,,,,,
2023-10-29,2023,15.628839038623319,,,,,,,
2023-10-30,2023,12.393664872607912,,,,,,,
2023-10-31,2023,18.4937086397276,,,,,,,
2023-11-01,2023,15.94789271473276,0.6867168674698795,22.486187845303867,32.575899843505475,55.70349907918969,28.59180790960452,54.21489361702128,1.8796747967479677
2023-11-02,2023,16.949108939727907,0.3377424242424242,6.134874759152216,20.04397394136808,26.62042389210019,32.385372714486635,49.719298245614034,4.419130434782609
2023-11-03,2023,22.879889138366728,0.477534965034965,21.472803347280333,23.4392523364486,45.44560669456067,37.13968253968254,71.44,2.2857142857142856
2023-11-04,2023,36.05646099736628,0.2909433962264151,7.701388888888889,17.357954545454547,25.26851851851852,25.82408874801902,27.93238434163701,1.8322295805739517
2023-11-05,2023,11.016470796070719,0.5623138832997988,19.560706401766005,26.08440366972477,46.24503311258278,35.352842809364546,42.153333333333336,1.3922518159806296
2023-11-06,2023,10.82914759327178,,,,,,,
2023-11-07,2023,23.028798849475375,,,,,,,
2023-11-08,2023,17.859828745903258,,,,,,,
2023-11-09,2023,19.38573921826982,,,,,,,
2023-11-10,2023,25.6008230646897,,,,,,,
2023-11-11,2023,25.981862404355034,,,,,,,
2023-11-12,2023,10.221563531802103,,,,,,,
2023-11-13,2023,21.490149877076213,,,,,,,
2023-11-14,2023,26.643214122403773,,,,,,,
2023-11-15,2023,21.117845868308333,,,,,,,
2023-11-16,2023,34.15585588997547,,,,,,,
2023-11-17,2023,20.834355050052814,,,,,,,
2023-11-18,2023,15.985411921382461,,,,,,,
2023-11-19,2023,16.86667761044723,,,,,,,
2023-11-20,2023,15.959523929804977,,,,,,,
2023-11-21,2023,20.236887166815496,,,,,,,
2023-11-22,2023,20.899907884917262,,,,,,,
2023-11-23,2023,25.864868592275624,,,,,,,
2023-11-24,2023,11.601657929117536,,,,,,,
2023-11-25,2023,22.292287955169677,,,,,,,
2023-11-26,2023,20.495963353435986,,,,,,,
2023-11-27,2023,19.792701107756585,,,,,,,
2023-11-28,2023,20.972925399548057,,,,,,,
2023-11-29,2023,21.68141400404023,,,,,,,
2023-11-30,2023,34.36595162275885,,,,,,,
2023-12-01,2023,19.663683301592208,0.63778125,25.67374517374517,26.62052117263844,53.142857142857146,30.772133526850507,55.6140350877193,2.4823529411764707
2023-12-02,2023,11.282865600266161,0.4511509715994021,7.235067437379576,22.622149837133552,30.64547206165703,42.37238493723849,53.582309582309584,8.041739130434783
2023-12-03,2023,14.886708320928335,0.4195274390243902,9.23639774859287,23.125619834710744,32.9343339587242,32.07142857142857,58.16079295154185,1.9873417721518989
2023-12-04,2023,24.610858016018184,0.325446735395189,6.165048543689321,19.84251968503937,26.54126213592233,31.41538461538461,21.41287878787879,1.0835214446952597
2023-12-05,2023,8.109896950070214,0.5481709741550695,15.703947368421051,27.87114337568058,44.47149122807018,38.38523274478331,42.55485893416928,1.4709976798143851
2023-12-06,2023,20.306792518098618,,,,,,,
2023-12-07,2023,19.80957650510466,,,,,,,
2023-12-08,2023,11.885178151077989,,,,,,,
2023-12-09,2023,11.051722226516429,,,,,,,
2023-12-10,2023,27.39076479204903,,,,,,,
2023-12-11,2023,25.834773695533382,,,,,,,
2023-12-12,2023,20.859800624683004,,,,,,,
2023-12-13,2023,21.503000330320695,,,,,,,
2023-12-14,2023,18.01735895188981,,,,,,,
2023-12-15,2023,25.40363815355461,,,,,,,
2023-12-16,2023,18.521547913265877,,,,,,,
2023-12-17,2023,12.036279386957109,,,,,,,
2023-12-18,2023,29.208886950274746,,,,,,,
2023-12-19,2023,24.939733516978812,,,,,,,
2023-12-20,2023,16.85807335146393,,,,,,,
2023-12-21,2023,10.699931234479791,,,,,,,
2023-12-22,2023,20.644386694055797,,,,,,,
2023-12-23,2023,15.45369193742155,,,,,,,
2023-12-24,2023,30.01233447166504,,,,,,,
2023-12-25,2023,17.815584505064727,,,,,,,
2023-12-26,2023,14.151091640801464,,,,,,,
2023-12-27,2023,27.963709114522626,,,,,,,
2023-12-28,2023,21.771497780338095,,,,,,,
2023-12-29,2023,24.265244997630703,,,,,,,
2023-12-30,2023,20.8786217339479,,,,,,,
2023-12-31,2023,15.491342398828126,,,,,,,
2024-01-01,2024,21.12254755698595,,,,,,,
2024-01-02,2024,23.085228357708143,,,,,,,
2024-01-03,2024,27.214382222342696,,,,,,,
2024-01-04,2024,22.010613938624466,,,,,,,
2024-01-05,2024,29.67516103062115,,,,,,,
2024-01-06,2024,7.642607280356683,,,,,,,
2024-01-07,2024,29.49736150330734,,,,,,,
2024-01-08,2024,10.483761635834622,,,,,,,
2024-01-09,2024,19.367120932163655,,,,,,,
2024-01-10,2024,16.34307299211488,,,,,,,
2024-01-11,2024,18.101960876716575,,,,,,,
2024-01-12,2024,22.217666286954326,,,,,,,
2024-01-13,2024,16.283128699939436,,,,,,,
2024-01-14,2024,20.781070729220673,,,,,,,
2024-01-15,2024,14.707786335661575,,,,,,,
2024-01-16,2024,19.269694402901557,,,,,,,
2024-01-17,2024,11.74192188029298,,,,,,,
2024-01-18,2024,23.18361561995446,,,,,,,
2024-01-19,2024,21.6335401479842,,,,,,,
2024-01-20,2024,22.208660837136957,,,,,,,
2024-01-21,2024,22.369414883281546,,,,,,,
2024-01-22,2024,28.145637818942504,,,,,,,
2024-01-23,2024,18.48984012126764,,,,,,,
2024-01-24,2024,17.43881245864779,,,,,,,
2024-01-25,2024,20.90491477436785,,,,,,,
2024-01-26,2024,20.382529317380843,,,,,,,
2024-01-27,2024,23.36666591362458,,,,,,,
2024-01-28,2024,16.786336562628097,,,,,,,
2024-01-29,2024,9.705738377841,,,,,,,
2024-01-30,2024,21.800293617396015,,,,,,,
2024-01-31,2024,20.144972185391644,,,,,,,
2024-02-01,2024,14.636686283516735,,,,,,,
2024-02-02,2024,19.682126025545614,,,,,,,
2024-02-03,2024,24.646674188313938,,,,,,,
2024-02-04,2024,19.17372292730355,,,,,,,
2024-02-05,2024,24.21260422981972,,,,,,,
2024-02-06,2024,23.309708158619298,,,,,,,
2024-02-07,2024,23.217237785869006,,,,,,,
2024-02-08,2024,22.093695286057564,,,,,,,
2024-02-09,2024,26.24498553113579,,,,,,,
2024-02-10,2024,16.70422247917356,,,,,,,
2024-02-11,2024,33.613991970466934,,,,,,,
2024-02-12,2024,20.84511725576267,,,,,,,
2024-02-13,2024,11.866109091729559,,,,,,,
2024-02-14,2024,20.27107572039896,,,,,,,
2024-02-15,2024,12.123408257830688,,,,,,,
2024-02-16,2024,24.81729174138794,,,,,,,
2024-02-17,2024,38.655996204412084,,,,,,,
2024-02-18,2024,17.52641922703121,,,,,,,
2024-02-19,2024,22.783203957002215,,,,,,,
2024-02-20,2024,11.040565833948419,,,,,,,
2024-02-21,2024,22.276899721082337,,,,,,,
2024-02-22,2024,16.92904281666201,,,,,,,
2024-02-23,2024,20.987574743071,,,,,,,
2024-02-24,2024,13.943720391116731,,,,,,,
2024-02-25,2024,19.327410614160456,,,,,,,
2024-02-26,2024,19.524682549292482,,,,,,,
2024-02-27,2024,21.206953130871273,,,,,,,
2024-02-28,2024,14.628983094107081,,,,,,,
2024-02-29,2024,29.76621543048901,,,,,,,
2024-03-01,2024,18.008168088401316,,,,,,,
2024-03-02,2024,11.144275251290845,,,,,,,
2024-03-03,2024,20.090423174341637,,,,,,,
2024-03-04,2024,14.895982353739207,,,,,,,
2024-03-05,2024,19.60079536932736,,,,,,,
2024-03-06,2024,17.26742857894917,,,,,,,
2024-03-07,2024,24.081191023151554,,,,,,,
2024-03-08,2024,31.98144008946646,,,,,,,
2024-03-09,2024,12.44199175450725,,,,,,,
2024-03-10,2024,21.9407451200752,,,,,,,
2024-03-11,2024,20.429569528217694,,,,,,,
2024-03-12,2024,26.73070582064338,,,,,,,
2024-03-13,2024,18.009366750381094,,,,,,,
2024-03-14,2024,19.087086869878824,,,,,,,
2024-03-15,2024,24.915517453379238,,,,,,,
2024-03-16,2024,16.133570215756116,,,,,,,
2024-03-17,2024,23.363625126000034,,,,,,,
2024-03-18,2024,12.151749970031453,,,,,,,
2024-03-19,2024,41.2120481182661,,,,,,,
2024-03-20,2024,13.314865443336522,,,,,,,
2024-03-21,2024,18.751476395569917,,,,,,,
2024-03-22,2024,21.156071732816294,,,,,,,
2024-03-23,2024,33.696614598456804,,,,,,,
2024-03-24,2024,9.356199170966402,,,,,,,
2024-03-25,2024,40.8906639184931,,,,,,,
2024-03-26,2024,26.98768169015316,,,,,,,
2024-03-27,2024,24.4766869624896,,,,,,,
2024-03-28,2024,17.35448210340997,,,,,,,
2024-03-29,2024,19.80430233715123,,,,,,,
2024-03-30,2024,12.89455096519264,,,,,,,
2024-03-31,2024,26.791593698667107,,,,,,,
2024-04-01,2024,12.4547599932025,,,,,,,
2024-04-02,2024,15.163297882257472,,,,,,,
2024-04-03,2024,21.191046182121923,,,,,,,
2024-04-04,2024,13.108734065015074,,,,,,,
2024-04-05,2024,25.12494327703143,,,,,,,
2024-04-06,2024,27.14575202184322,,,,,,,
2024-04-07,2024,25.6833845776833,,,,,,,
2024-04-08,2024,9.877922591545344,,,,,,,
2024-04-09,2024,20.21005071017805,,,,,,,
2024-04-10,2024,41.742768859927025,,,,,,,
2024-04-11,2024,18.06211611804295,,,,,,,
2024-04-12,2024,36.03360674163944,,,,,,,
2024-04-13,2024,18.891618930392596,,,,,,,
2024-04-14,2024,12.687842467075908,,,,,,,
2024-04-15,2024,20.624560309147164,,,,,,,
2024-04-16,2024,20.88025046718946,,,,,,,
2024-04-17,2024,17.389592444538156,,,,,,,
2024-04-18,2024,15.961523167159894,,,,,,,
2024-04-19,2024,19.77873104596092,,,,,,,
2024-04-20,2024,17.430498526290847,,,,,,,
2024-04-21,2024,26.009613188010572,,,,,,,
2024-04-22,2024,23.27329868009126,,,,,,,
2024-04-23,2024,24.421883526299226,,,,,,,
2024-04-24,2024,20.21763755088079,,,,,,,
2024-04-25,2024,22.988715813721104,,,,,,,
2024-04-26,2024,14.772455035502789,,,,,,,
2024-04-27,2024,27.35188546424695,,,,,,,
2024-04-28,2024,18.02709931292377,,,,,,,
2024-04-29,2024,27.888329758623357,,,,,,,
2024-04-30,2024,20.10066955582879,,,,,,,
2024-05-01,2024,25.944650294439445,,,,,,,
2024-05-02,2024,18.45388125214707,,,,,,,
2024-05-03,2024,16.139789263095196,,,,,,,
2024-05-04,2024,11.69159368797445,,,,,,,
2024-05-05,2024,15.82143580858803,,,,,,,
2024-05-06,2024,16.120025607138857,,,,,,,
2024-05-07,2024,17.941680198487198,,,,,,,
2024-05-08,2024,19.17041971087408,,,,,,,
2024-05-09,2024,21.801180959794735,,,,,,,
2024-05-10,2024,13.983718882071784,,,,,,,
2024-05-11,2024,12.638388504381515,,,,,,,
2024-05-12,2024,19.089858795453907,,,,,,,
2024-05-13,2024,26.396520470930973,,,,,,,
2024-05-14,2024,27.75118180832723,,,,,,,
2024-05-15,2024,26.462291442236733,,,,,,,
2024-05-16,2024,25.82057368431577,,,,,,,
2024-05-17,2024,26.45786013144669,,,,,,,
2024-05-18,2024,25.063175573025593,,,,,,,
2024-05-19,2024,21.420101307091382,,,,,,,
2024-05-20,2024,16.341386456679327,,,,,,,
2024-05-21,2024,13.282854025567175,,,,,,,
2024-05-22,2024,20.0681665010711,,,,,,,
2024-05-23,2024,16.00596250092006,,,,,,,
2024-05-24,2024,18.26081302208062,,,,,,,
2024-05-25,2024,30.55082014953325,,,,,,,
2024-05-26,2024,13.39931103837143,,,,,,,
2024-05-27,2024,26.88587602431146,,,,,,,
2024-05-28,2024,16.138807492415502,,,,,,,
2024-05-29,2024,18.658533148490452,,,,,,,
2024-05-30,2024,11.540419361307631,,,,,,,
2024-05-31,2024,17.235844297280433,,,,,,,
2024-06-01,2024,25.128211424197442,,,,,,,
2024-06-02,2024,14.091359508709536,,,,,,,
2024-06-03,2024,26.155105666117265,,,,,,,
2024-06-04,2024,25.501324470800554,,,,,,,
2024-06-05,2024,13.375865168612524,,,,,,,
2024-06-06,2024,37.216083510966286,,,,,,,
2024-06-07,2024,20.368830064318285,,,,,,,
2024-06-08,2024,24.07470593022645,,,,,,,
2024-06-09,2024,14.805672554848487,,,,,,,
2024-06-10,2024,23.013898122076533,,,,,,,
2024-06-11,2024,22.94922484645859,,,,,,,
2024-06-12,2024,24.394251022622235,,,,,,,
2024-06-13,2024,10.406948484600465,,,,,,,
2024-06-14,2024,22.854646570392156,,,,,,,
2024-06-15,2024,23.708317881678195,,,,,,,
2024-06-16,2024,18.713004611078432,,,,,,,
2024-06-17,2024,19.909252946586165,,,,,,,
2024-06-18,2024,10.671655926227661,,,,,,,
2024-06-19,2024,16.43303856693028,,,,,,,
2024-06-20,2024,19.56340049974857,,,,,,,
2024-06-21,2024,22.74890874896242,,,,,,,
2024-06-22,2024,31.16242507126291,,,,,,,
2024-06-23,2024,16.743565428569397,,,,,,,
2024-06-24,2024,25.917498778982996,,,,,,,
2024-06-25,2024,16.376629829670314,,,,,,,
2024-06-26,2024,15.69990052385688,,,,,,,
2024-06-27,2024,10.495924233708875,,,,,,,
2024-06-28,2024,22.496189805723578,,,,,,,
2024-06-29,2024,20.745742714817716,,,,,,,
2024-06-30,2024,14.229132364234545,,,,,,,
2024-07-01,2024,10.796971340320066,,,,,,,
2024-07-02,2024,19.170455307617114,,,,,,,
2024-07-03,2024,16.596946033964787,,,,,,,
2024-07-04,2024,24.501345676779152,,,,,,,
2024-07-05,2024,38.734609797800225,,,,,,,
2024-07-06,2024,11.462960103879947,,,,,,,
2024-07-07,2024,19.84915465118032,,,,,,,
2024-07-08,2024,18.9768897097133,,,,,,,
2024-07-09,2024,32.45336666032586,,,,,,,
2024-07-10,2024,10.065005776589727,,,,,,,
2024-07-11,2024,41.16961388341604,,,,,,,
2024-07-12,2024,23.22160010332375,,,,,,,
2024-07-13,2024,18.97372876384928,,,,,,,
2024-07-14,2024,17.447507509623154,,,,,,,
2024-07-15,2024,17.838380589646338,,,,,,,
2024-07-16,2024,22.038997896513155,,,,,,,
2024-07-17,2024,15.761310808551976,,,,,,,
2024-07-18,2024,21.48542841379205,,,,,,,
2024-07-19,2024,20.92848946736428,,,,,,,
2024-07-20,2024,16.954075262485453,,,,,,,
2024-07-21,2024,34.59577313288894,,,,,,,
2024-07-22,2024,25.52750168495244,,,,,,,
2024-07-23,2024,20.822065424283743,,,,,,,
2024-07-24,2024,23.052800280148563,,,,,,,
2024-07-25,2024,12.92613610212211,,,,,,,
2024-07-26,2024,32.77468228767538,,,,,,,
2024-07-27,2024,10.500706323063758,,,,,,,
2024-07-28,2024,19.20041595057406,,,,,,,
2024-07-29,2024,16.133776686326765,,,,,,,
2024-07-30,2024,22.150841691860663,,,,,,,
2024-07-31,2024,23.609792757064334,,,,,,,
2024-08-01,2024,14.1509591329366,,,,,,,
2024-08-02,2024,22.772278034558763,,,,,,,
2024-08-03,2024,14.558013697226231,,,,,,,
2024-08-04,2024,11.844679986148952,,,,,,,
2024-08-05,2024,27.049455513174603,,,,,,,
2024-08-06,2024,19.948354691963456,,,,,,,
2024-08-07,2024,30.720288767190358,,,,,,,
2024-08-08,2024,13.213998566446579,,,,,,,
2024-08-09,2024,22.132090870059578,,,,,,,
2024-08-10,2024,17.678201900626004,,,,,,,
2024-08-11,2024,24.258172407058883,,,,,,,
2024-08-12,2024,22.020785091580393,,,,,,,
2024-08-13,2024,19.72921350035949,,,,,,,
2024-08-14,2024,19.03174040828257,,,,,,,
2024-08-15,2024,26.804708746468346,,,,,,,
2024-08-16,2024,21.57095977184771,,,,,,,
2024-08-17,2024,18.62145965862135,,,,,,,
2024-08-18,2024,10.723567721495067,,,,,,,
2024-08-19,2024,16.070344928791233,,,,,,,
2024-08-20,2024,30.250474317029393,,,,,,,
2024-08-21,2024,22.075310883486704,,,,,,,
2024-08-22,2024,14.743423411651774,,,,,,,
2024-08-23,2024,13.548321291164113,,,,,,,
2024-08-24,2024,26.505561779960207,,,,,,,
2024-08-25,2024,13.829359852939358,,,,,,,
2024-08-26,2024,20.105522614805107,,,,,,,
2024-08-27,2024,15.139152047298673,,,,,,,
2024-08-28,2024,30.070960288354414,,,,,,,
2024-08-29,2024,16.894473867408582,,,,,,,
2024-08-30,2024,20.5440165359919,,,,,,,
2024-08-31,2024,26.12800016037776,,,,,,,
2024-09-01,2024,17.741445601939287,,,,,,,
2024-09-02,2024,11.401316355308493,,,,,,,
2024-09-03,2024,11.315413504768001,,,,,,,
2024-09-04,2024,14.814209986881215,,,,,,,
2024-09-05,2024,25.681564396681846,,,,,,,
2024-09-06,2024,14.419376289364608,,,,,,,
2024-09-07,2024,9.944042548283855,,,,,,,
2024-09-08,2024,21.975095918973288,,,,,,,
2024-09-09,2024,23.816788677105514,,,,,,,
2024-09-10,2024,17.093947306774727,,,,,,,
2024-09-11,2024,24.921102282217984,,,,,,,
2024-09-12,2024,11.75492645490641,,,,,,,
2024-09-13,2024,17.10532522025503,,,,,,,
2024-09-14,2024,34.24040996093066,,,,,,,
2024-09-15,2024,17.360424882698602,,,,,,,
2024-09-16,2024,23.760426318039027,,,,,,,
2024-09-17,2024,38.57234598758157,,,,,,,
2024-09-18,2024,12.31751412280233,,,,,,,
2024-09-19,2024,26.608318650311457,,,,,,,
2024-09-20,2024,29.531700254227975,,,,,,,
2024-09-21,2024,13.988478105029367,,,,,,,
2024-09-22,2024,20.945167991399035,,,,,,,
2024-09-23,2024,17.34012458370913,,,,,,,
2024-09-24,2024,18.918292476210144,,,,,,,
2024-09-25,2024,27.088578950863056,,,,,,,
2024-09-26,2024,20.47641918254752,,,,,,,
2024-09-27,2024,26.870307233876414,,,,,,,
2024-09-28,2024,36.4125155262175,,,,,,,
2024-09-29,2024,17.327675747091085,,,,,,,
2024-09-30,2024,26.319645975535508,,,,,,,
2024-10-01,2024,14.815744623314936,,,,,,,
2024-10-02,2024,27.40099044546282,,,,,,,
2024-10-03,2024,26.09247721108509,,,,,,,
2024-10-04,2024,20.533729710224808,,,,,,,
2024-10-05,2024,27.029219232173737,,,,,,,
2024-10-06,2024,9.4695219448672,,,,,,,
2024-10-07,2024,12.392795605629845,,,,,,,
2024-10-08,2024,22.122775779368407,,,,,,,
2024-10-09,2024,10.083803566080311,,,,,,,
2024-10-10,2024,19.658700901970562,,,,,,,
2024-10-11,2024,26.18520769866234,,,,,,,
2024-10-12,2024,25.50977854140454,,,,,,,
2024-10-13,2024,12.740247526438704,,,,,,,
2024-10-14,2024,31.710088592604993,,,,,,,
2024-10-15,2024,35.681660468737476,,,,,,,
2024-10-16,2024,24.14378071961612,,,,,,,
2024-10-17,2024,26.715964010758775,,,,,,,
2024-10-18,2024,19.99561035931291,,,,,,,
2024-10-19,2024,26.878176562263906,,,,,,,
2024-10-20,2024,20.4307116513667,,,,,,,
2024-10-21,2024,19.98128312707754,,,,,,,
2024-10-22,2024,21.381304813557023,,,,,,,
2024-10-23,2024,36.25661572509366,,,,,,,
2024-10-24,2024,11.596174409889823,,,,,,,
2024-10-25,2024,21.329983078652777,,,,,,,
2024-10-26,2024,10.34188132756198,,,,,,,
2024-10-27,2024,30.501000533356024,,,,,,,
2024-10-28,2024,18.17585175209353,,,,,,,
2024-10-29,2024,11.006258434241076,,,,,,,
2024-10-30,2024,19.92951399482347,,,,,,,
2024-10-31,2024,30.52145251686544,,,,,,,
2024-11-01,2024,21.90186647606417,,,,,,,
2024-11-02,2024,19.745673928571268,,,,,,,
2024-11-03,2024,22.04630064540441,,,,,,,
2024-11-04,2024,26.355015011063394,,,,,,,
2024-11-05,2024,13.08628151942235,,,,,,,
2024-11-06,2024,16.666481612987038,,,,,,,
2024-11-07,2024,20.227746806324976,,,,,,,
2024-11-08,2024,11.332529843569123,,,,,,,
2024-11-09,2024,20.32123996002351,,,,,,,
2024-11-10,2024,26.168014033424758,,,,,,,
2024-11-11,2024,24.040168541594326,,,,,,,
2024-11-12,2024,25.493131496030756,,,,,,,
2024-11-13,2024,22.707306751773785,,,,,,,
2024-11-14,2024,22.922088733057066,,,,,,,
2024-11-15,2024,12.173450310175145,,,,,,,
2024-11-16,2024,22.872819681111164,,,,,,,
2024-11-17,2024,23.616755788017844,,,,,,,
2024-11-18,2024,22.01125080282874,,,,,,,
2024-11-19,2024,23.526972599775835,,,,,,,
2024-11-20,2024,22.580478617700557,,,,,,,
2024-11-21,2024,18.924782087310508,,,,,,,
2024-11-22,2024,42.461940623521215,,,,,,,
2024-11-23,2024,24.45634644593532,,,,,,,
2024-11-24,2024,24.238022058131946,,,,,,,
2024-11-25,2024,16.962286306557782,,,,,,,
2024-11-26,2024,13.090470327101194,,,,,,,
2024-11-27,2024,13.982536379527026,,,,,,,
2024-11-28,2024,20.386388493981745,,,,,,,
2024-11-29,2024,9.544849469517247,,,,,,,
2024-11-30,2024,11.705925855609616,,,,,,,
2024-12-01,2024,21.3782204163372,,,,,,,
2024-12-02,2024,19.82859082087384,,,,,,,
2024-12-03,2024,17.731153053069033,,,,,,,
2024-12-04,2024,25.765409531890167,,,,,,,
2024-12-05,2024,12.073310862491049,,,,,,,
2024-12-06,2024,19.272448397866565,,,,,,,
2024-12-07,2024,26.02864124973847,,,,,,,
2024-12-08,2024,25.116172473929865,,,,,,,
2024-12-09,2024,25.767143276018032,,,,,,,
2024-12-10,2024,36.31318669984597,,,,,,,
2024-12-11,2024,21.474005811519028,,,,,,,
2024-12-12,2024,16.619383929446048,,,,,,,
2024-12-13,2024,19.691554739078114,,,,,,,
2024-12-14,2024,10.622586367612856,,,,,,,
2024-12-15,2024,19.52368784258772,,,,,,,
2024-12-16,2024,23.140983528824723,,,,,,,
2024-12-17,2024,19.21754731400765,,,,,,,
2024-12-18,2024,21.47947896036367,,,,,,,
2024-12-19,2024,12.233332180571763,,,,,,,
2024-12-20,2024,12.706965069682894,,,,,,,
2024-12-21,2024,26.107220880146283,,,,,,,
2024-12-22,2024,15.878478253009646,,,,,,,
2024-12-23,2024,20.790765719831384,,,,,,,
2024-12-24,2024,21.673890085044327,,,,,,,
2024-12-25,2024,27.989124765869498,,,,,,,
2024-12-26,2024,26.373715635682025,,,,,,,
2024-12-27,2024,12.308555112767028,,,,,,,
2024-12-28,2024,11.207786565345135,,,,,,,
2024-12-29,2024,21.866260052211597,,,,,,,
2024-12-30,2024,22.540761626512218,,,,,,,
2024-12-31,2024,18.004355169095444,,,,,,,
